t,x,y,radians
0,0.0,0.0007999999237060547,0.0
0.01,0.0,0.0023919198608398436,-5.62093734741211e-05
0.02,9.91444381835909e-08,0.004767681519582961,-0.00016601800918579103
0.03,4.897775734881244e-07,0.007919208687577157,-0.00032689418792724613
0.04,1.4517214028101791e-06,0.011838428824020895,-0.0005363823890686036
0.05,3.34676892831492e-06,0.016517272829019363,-0.000792101001739502
0.060000000000000005,6.613386903350984e-06,0.021947676521061766,-0.001091740417480469
0.07,1.1761621471329444e-05,0.028121581345104275,-0.001433060932159424
0.08,1.9368200258375273e-05,0.03503093488526805,-0.0018138908386230472
0.09,3.0071825874108173e-05,0.042667691851319835,-0.002232124423980713
0.09999999999999999,4.456865298987261e-05,0.05102381430056529,-0.002685720157623291
0.10999999999999999,6.360794715398853e-05,0.06009127309909765,-0.0031726989746093752
0.11999999999999998,8.798791466387674e-05,0.06986204804855639,-0.0036911423683166507
0.12999999999999998,0.00011855170380790281,0.08032812915886653,-0.004239190864562988
0.13999999999999999,0.00015618356541181628,0.09148151668357414,-0.0048150422096252445
0.15,0.00020180517496652548,0.10331422220725485,-0.0054169498443603515
0.16,0.00025637210573717666,0.11581826916431923,-0.006043221378326416
0.17,0.0003208704521859681,0.1289856937433409,-0.006692217063903809
0.18000000000000002,0.00039631359575559825,0.14280854550971392,-0.007362348175048828
0.19000000000000003,0.00048373910802420293,0.15727888784230068,-0.00805207576751709
0.20000000000000004,0.0005842057910691264,0.17238879875647678,-0.00875990924835205
0.21000000000000005,0.000698790846973023,0.1881303715415314,-0.009484404945373535
0.22000000000000006,0.0008285871737672011,0.20449571545093023,-0.010224164819717408
0.23000000000000007,0.000974700782992028,0.22147695635011744,-0.01097783522605896
0.24000000000000007,0.0011382483332390563,0.23906623717880954,-0.011744105672836304
0.25000000000000006,0.001320354779583578,0.25725571860918717,-0.012521707582473755
0.26000000000000006,0.0015221511310630305,0.2760375795184556,-0.013309413146972657
0.2700000000000001,0.0017447723207513163,0.29540401794318333,-0.014106034183502198
0.2800000000000001,0.0019893551733242256,0.31534725156167454,-0.014910420989990235
0.2900000000000001,0.0022570364711355937,0.3358595181333449,-0.01572146134376526
0.3000000000000001,0.0025489511176300687,0.35693307603795393,-0.016538079404830933
0.3100000000000001,0.0028662303967276195,0.3785602050098455,-0.017359234714508058
0.3200000000000001,0.003210000319212322,0.4007332066855594,-0.01818392119407654
0.3300000000000001,0.0035813800557315235,0.4234444051553077,-0.01901116623878479
0.34000000000000014,0.0039814804489793935,0.4466861472797074,-0.019840029764175416
0.35000000000000014,0.004411402613451829,0.47045080339131884,-0.02066960325241089
0.36000000000000015,0.004872236610633863,0.49473076785630965,-0.021499008941650393
0.37000000000000016,0.005365060199482843,0.519518459639028,-0.022327398920059208
0.38000000000000017,0.005890937656290965,0.5448063227262258,-0.023153954362869267
0.3900000000000002,0.0064509186630747235,0.5705868265060398,-0.023977884626388554
0.4000000000000002,0.007046037275375084,0.5968524666735369,-0.02479842658042908
0.4100000000000002,0.0076773109327220096,0.6235957651847868,-0.025614843750000005
0.4200000000000002,0.00834573955299362,0.6508092711183794,-0.026426425600051887
0.4300000000000002,0.009052304676847046,0.6784855611093846,-0.027232486867904672
0.4400000000000002,0.009797968666124554,0.706617239641567,-0.028032366847991954
0.45000000000000023,0.010583673966857422,0.7351969396743008,-0.02882542862892152
0.46000000000000024,0.01141034241675798,0.7642173229366448,-0.02961105856895448
0.47000000000000025,0.012278874616637417,0.7936710806510063,-0.03038866553306581
0.48000000000000026,0.013190149333420451,0.8235509336375949,-0.031157680368423476
0.49000000000000027,0.014145022972181554,0.8538496331340376,-0.03191755523681642
0.5000000000000002,0.015144329067799445,0.8845599607571302,-0.03266776304244996
0.5100000000000002,0.01618887783637448,0.9156747289887407,-0.03340779690742494
0.5200000000000002,0.01727945577876085,0.9471867819473494,-0.034137169551849374
0.5300000000000002,0.01841682531106579,0.9790889957301931,-0.03485541281700135
0.5400000000000003,0.01960172442065313,1.011374278373571,-0.035562077093124395
0.5500000000000003,0.02083486639213355,1.0440355707655187,-0.03625673084259034
0.5600000000000003,0.022116939537804886,1.0770658466521543,-0.036938960075378426
0.5700000000000003,0.02344860698421651,1.1104581132625277,-0.03760836787223817
0.5800000000000003,0.02483050646713724,1.144205411265225,-0.038264574003219615
0.5900000000000003,0.02626325020074346,1.1783008158673558,-0.03890721435546876
0.6000000000000003,0.027747424721235394,1.2127374364350703,-0.03953594059944154
0.6100000000000003,0.029283590795091963,1.2475084170656552,-0.040150419664382944
0.6200000000000003,0.030872283349578197,1.2826069370151751,-0.04075033345222474
0.6300000000000003,0.032514011423988305,1.3180262109815895,-0.04133537831306459
0.6400000000000003,0.034209258153640225,1.3537594895768033,-0.041905264711380015
0.6500000000000004,0.035958480768120714,1.389800059558785,-0.04245971684455872
0.6600000000000004,0.037762110606032455,1.426141243919005,-0.04299847230911256
0.6700000000000004,0.03962055316738713,1.4627764023492005,-0.043521281671524054
0.6800000000000004,0.04153418817864952,1.499698931515714,-0.04402790822982788
0.6900000000000004,0.04350336968584647,1.5369022655224942,-0.0445181275844574
0.7000000000000004,0.045528426149656034,1.5743798759910665,-0.04499172730445862
0.7100000000000004,0.04760966057062271,1.6121252724243942,-0.04544850668907166
0.7200000000000004,0.04974735061837868,1.6501320022829569,-0.045888276433944705
0.7300000000000004,0.051941748800500946,1.6883936515828366,-0.04631085834503174
0.7400000000000004,0.05419308262716108,1.7269038450630956,-0.04671608500480652
0.7500000000000004,0.05650155478312708,1.7656562462082774,-0.04710379948616028
0.7600000000000005,0.05886734333300114,1.8046445576976151,-0.04747385520935059
0.7700000000000005,0.061290601930501634,1.8438625216617133,-0.047826115512847905
0.7800000000000005,0.0637714600281977,1.8833039196991117,-0.04816045355796814
0.7900000000000005,0.06631002312121047,1.922962573367179,-0.04847675194740296
0.8000000000000005,0.06890637298092125,1.9628323442423947,-0.048774902582168586
0.8100000000000005,0.07156056790535123,2.002907134121594,-0.049054806375503544
0.8200000000000005,0.0742726429833995,2.0431808853165574,-0.049316373062133795
0.8300000000000005,0.07704261036543865,2.0836475808990946,-0.04955952095985413
0.8400000000000005,0.07987045952540223,2.124301244610894,-0.04978417677879334
0.8500000000000005,0.0827561575727555,2.1651359416288116,-0.049990275430679326
0.8600000000000005,0.08569964951229252,2.2061457781377407,-0.05017775979042054
0.8700000000000006,0.08870085855040737,2.247324901711361,-0.0503465805053711
0.8800000000000006,0.09175968640733224,2.2886675016911644,-0.05049669589996338
0.8900000000000006,0.09487601359881251,2.330167808849453,-0.050628071737289435
0.9000000000000006,0.09804969977786658,2.371820096146038,-0.0507406810283661
0.9100000000000006,0.10128058403287284,2.4136186785308835,-0.05083450393676758
0.9200000000000006,0.10456848521617983,2.4555579132690535,-0.05090952754020692
0.9300000000000006,0.10791320225689181,2.4976321998831765,-0.05096574568748475
0.9400000000000006,0.11131451449373951,2.539835980427811,-0.05100315890312196
0.9500000000000006,0.11477218200350126,2.582163739619532,-0.05102177424430848
0.9600000000000006,0.11828594592456644,2.624610004822787,-0.05102160511016847
0.9700000000000006,0.1218555287995486,2.667169346367794,-0.05100267109870912
0.9800000000000006,0.1254806349001304,2.7098363774861958,-0.050964997959136976
0.9900000000000007,0.12916095057523522,2.752605754674099,-0.05090861740112306
1.0000000000000007,0.13289614457595225,2.7954721775777247,-0.05083356699943544
1.0100000000000007,0.13668586839099664,2.8384303890684293,-0.05073989009857179
1.0200000000000007,0.1405297565899757,2.8814751754595256,-0.050627635669708265
1.0300000000000007,0.1444274271547755,2.9246013664839747,-0.05049685821533204
1.0400000000000007,0.14837848182061647,2.967803835461601,-0.05034761767387391
1.0500000000000007,0.15238250641201986,3.011077499370147,-0.05017997932434083
1.0600000000000007,0.15643907117351838,3.0544173188202075,-0.0499940136909485
1.0700000000000007,0.16054773112118942,3.0978182984579674,-0.0497897964000702
1.0800000000000007,0.16470802634787635,3.1412754864623103,-0.04956740818023683
1.0900000000000007,0.16891948237271218,3.184783974946062,-0.04932693471908571
1.1000000000000008,0.17318161048198283,3.2283389002137013,-0.04906846656799318
1.1100000000000008,0.1774939080355306,3.2719354423516873,-0.0487920991420746
1.1200000000000008,0.18185585881158703,3.315568825627845,-0.048497932577133196
1.1300000000000008,0.18626693331472124,3.359234318175822,-0.04818607172966005
1.1400000000000008,0.19072658911448243,3.402927232345837,-0.04785662598609926
1.1500000000000008,0.19523427116096753,3.4466429246263472,-0.04750970931053163
1.1600000000000008,0.19978941210515822,3.490376795708205,-0.047145440149307265
1.1700000000000008,0.20439143260789502,3.5341242903579375,-0.046763941335678114
1.1800000000000008,0.20903974165998354,3.5778808975765015,-0.046365340089797986
1.1900000000000008,0.21373373689736488,3.6216421507101475,-0.0459497678756714
1.2000000000000008,0.2184728048915232,3.665403627084736,-0.045517360448837293
1.2100000000000009,0.22325632147038996,3.7091609483543517,-0.0450682577610016
1.2200000000000009,0.228083652012215,3.752909780325813,-0.04460260391235353
1.2300000000000009,0.23295415174325224,3.796645832925971,-0.04412054705619813
1.2400000000000009,0.23786716604302893,3.8403648604071257,-0.043622239446640024
1.2500000000000009,0.24282203072751946,3.884062661123683,-0.04310783734321595
1.260000000000001,0.24781807234200207,3.9277350775946367,-0.04257750091552735
1.270000000000001,0.25285460844450053,3.9713779964231777,-0.04203139429092408
1.280000000000001,0.2579309478862327,4.014987348216374,-0.04146968550682069
1.290000000000001,0.26304639109890543,4.058559107743164,-0.04089254641532899
1.300000000000001,0.26820023036469,4.10208929375901,-0.04030015263557435
1.310000000000001,0.27339175008516164,4.145573968878349,-0.039692683649063115
1.320000000000001,0.2786202270643103,4.1890092398760554,-0.03907032256126404
1.330000000000001,0.28388493075752186,4.2323912572268245,-0.038433256244659424
1.340000000000001,0.28918512354218656,4.275716215264197,-0.03778167524337769
1.350000000000001,0.29452006097367966,4.318980352054004,-0.03711577367782593
1.360000000000001,0.29988899204703057,4.362179949506382,-0.03643574929237366
1.370000000000001,0.3052911594409651,4.4053113331069245,-0.035741803407669075
1.380000000000001,0.31072579976604764,4.448370871838806,-0.03503414087295533
1.390000000000001,0.3161921438079114,4.491354978057648,-0.034312970066070564
1.400000000000001,0.3216894167837749,4.534260107843344,-0.03357850279808045
1.410000000000001,0.32721683856242545,4.577082760399251,-0.032830954313278204
1.420000000000001,0.33277362390443127,4.619819478118999,-0.03207054328918458
1.430000000000001,0.33835898270486453,4.662466846844439,-0.031297491741180426
1.440000000000001,0.3439721202034182,4.705021495218591,-0.030512025070190435
1.450000000000001,0.3496122372222532,4.747480094992294,-0.029714371919631964
1.460000000000001,0.3552785303810143,4.789839360711836,-0.028904764270782476
1.470000000000001,0.36097019232193034,4.832096049836095,-0.028083437299728398
1.480000000000001,0.36668641192042845,4.874246962472975,-0.02725062942504883
1.490000000000001,0.3724263744972174,4.916288941259423,-0.026406582212448123
1.500000000000001,0.3781892620299721,4.958218871337402,-0.025551540374755863
1.5100000000000011,0.38397425336062213,5.0000336802828365,-0.024685751724243168
1.5200000000000011,0.38978052439140215,5.041730337701533,-0.023809467172622684
1.5300000000000011,0.39560724829616556,5.083305855540786,-0.02292294058799744
1.5400000000000011,0.40145359570988615,5.124757287638969,-0.02202642884254456
1.5500000000000012,0.4073187349271431,5.166081729752511,-0.021120191764831545
1.5600000000000012,0.4132018320913833,5.207276319297549,-0.02020449209213257
1.5700000000000012,0.4191020513859253,5.248338235282987,-0.019279595422744752
1.5800000000000012,0.42501855522311677,5.289264698291968,-0.01834577012062073
1.5900000000000012,0.43095050442616784,5.33005297022571,-0.01740328736305237
1.6000000000000012,0.43689705841153714,5.370700354191115,-0.016452421045303346
1.6100000000000012,0.44285737536728204,5.411204194293793,-0.0154934476852417
1.6200000000000012,0.44883061243300715,5.451561875670233,-0.014526646471023561
1.6300000000000012,0.454815925870003,5.491770824043983,-0.013552299118041993
1.6400000000000012,0.4608124712374255,5.531828505807068,-0.012570689868927003
1.6500000000000012,0.46681940356306556,5.571732427911501,-0.0115821053981781
1.6600000000000013,0.4728358775090982,5.61148013752319,-0.01058683476448059
1.6700000000000013,0.47886104754010916,5.651069222010417,-0.009585169410705564
1.6800000000000013,0.48489406808726565,5.690497308790084,-0.008577403020858762
1.6900000000000013,0.49093409370891644,5.729762064984062,-0.007563831472396847
1.7000000000000013,0.4969802792526152,5.768861197410126,-0.006544752836227414
1.7100000000000013,0.503031780013546,5.807792452382998,-0.0055204671859741174
1.7200000000000013,0.5090877518921094,5.8465536156592695,-0.0044912766456603965
1.7300000000000013,0.5151473515475073,5.885142511954014,-0.0034574852943420366
1.7400000000000013,0.5212097365528651,5.923557004982749,-0.002419399023056026
1.7500000000000013,0.5272740655477306,5.961794997432721,-0.0013773255109786942
1.7600000000000013,0.5333394983879428,5.999854430529719,-0.00033157408237456817
1.7700000000000014,0.5394051962952056,6.037733283891838,0.0007175442457199143
1.7800000000000014,0.5454703220052457,6.075429575360246,0.0017697169303894091
1.7900000000000014,0.5515340399143593,6.112941360973841,0.0028246300220489554
1.8000000000000014,0.5575955162250223,6.150266734587134,0.0038819681644439753
1.8100000000000014,0.5636539190901554,6.187403827751229,0.00494141476154328
1.8200000000000014,0.5697084187559345,6.224350809595654,0.006002652049064642
1.8300000000000014,0.5757581877042034,6.261105886544132,0.007065361142158514
1.8400000000000014,0.5818024007935949,6.297667302126562,0.008129222178459173
1.8500000000000014,0.5878402353992425,6.334033336839518,0.009193914413452154
1.8600000000000014,0.593870871552621,6.37020230786453,0.01025911631584168
1.8700000000000014,0.5998934920791354,6.4061725689540845,0.011324505686759953
1.8800000000000014,0.6059072827352903,6.441942510246913,0.01238975970745087
1.8900000000000015,0.6119114323467809,6.477510557941069,0.01345455508232117
1.9000000000000015,0.6179051329434601,6.512875174182371,0.014518568158149723
1.9100000000000015,0.6238875798962864,6.548034856739094,0.015581475067138676
1.9200000000000015,0.6298579720492268,6.582988138987373,0.016642951750755315
1.9300000000000015,0.6358155118552711,6.617733589563641,0.017702674126625066
1.9400000000000015,0.6417594055069198,6.652269812327757,0.018760318231582647
1.9500000000000015,0.6476888630733673,6.686595445897812,0.01981556026935578
1.9600000000000015,0.6536030986292449,6.720709163638625,0.020868076777458198
1.9700000000000015,0.6595013303899262,6.754609673269589,0.021917544746398933
1.9800000000000015,0.6653827808381765,6.788295716878486,0.022963641715049752
1.9900000000000015,0.6712466768603121,6.821766070459302,0.024006045913696296
2.0000000000000013,0.6770922498714681,6.855019543927478,0.02504443640708924
2.010000000000001,0.6829187359507702,6.888054980682997,0.026078493165969857
2.020000000000001,0.6887253759651899,6.920871257627019,0.02710789725780488
2.0300000000000007,0.6945114157049014,6.953467284702509,0.028132330894470224
2.0400000000000005,0.7002761060078473,6.985842004840705,0.029151477646827708
2.0500000000000003,0.7060187028929158,7.017994393574567,0.030165022516250622
2.06,0.7117384676833403,7.049923458986515,0.031172652101516735
2.07,0.717434667136437,7.081628241418459,0.03217405471801759
2.0799999999999996,0.7231065735709199,7.113107813253909,0.03316892049312593
2.0899999999999994,0.7287534649969891,7.144361278605366,0.034156941509246835
2.099999999999999,0.7343746252382517,7.175387773240556,0.03513781199455262
2.109999999999999,0.7399693440660223,7.206186464127945,0.036111228370666514
2.1199999999999988,0.7455369173160764,7.236756549483171,0.03707688946723939
2.1299999999999986,0.7510766470215815,7.267097258339421,0.03803449659347535
2.1399999999999983,0.7565878415364378,7.297207850380386,0.03898375368118287
2.149999999999998,0.7620698156598219,7.3270876157260245,0.03992436742782594
2.159999999999998,0.7675218907649918,7.356735874599639,0.04085604741573334
2.1699999999999977,0.7729433949173153,7.386151977257427,0.041778506255149846
2.1799999999999975,0.7783336630011867,7.415335303680181,0.042691459727287294
2.1899999999999973,0.7836920368446875,7.444285263313016,0.04359462687969208
2.199999999999997,0.7890178653407312,7.473001294876888,0.04448773014545441
2.209999999999997,0.7943105045760125,7.50148286598989,0.04537049551010132
2.2199999999999966,0.7995693179480013,7.52972947305084,0.04624265260696411
2.2299999999999964,0.8047936762820428,7.557740641099312,0.04710393488407135
2.239999999999996,0.8099829579620844,7.5855159233662794,0.047954079651832585
2.249999999999996,0.815136549042094,7.613054901229859,0.048792828297615054
2.259999999999996,0.8202538433735524,7.640357183814005,0.04961992633342743
2.2699999999999956,0.8253342427174266,7.667422407896951,0.05043512351512909
2.2799999999999954,0.830377156869349,7.694250237534022,0.05123817400932312
2.289999999999995,0.8353820037746721,7.720840363871054,0.0520288364648819
2.299999999999995,0.8403482096437755,7.747192504934073,0.05280687415599823
2.3099999999999947,0.8452752090689176,7.773306405371398,0.0535720550775528
2.3199999999999945,0.8501624451415078,7.799181836171949,0.05432415201663971
2.3299999999999943,0.8550093695621015,7.824818594502601,0.05506294269561768
2.339999999999994,0.8598154427583422,7.850216503378828,0.05578820989131928
2.349999999999994,0.864580133990137,7.875375411549542,0.0564997415304184
2.3599999999999937,0.8693029214695175,7.900295193096166,0.05719733073711396
2.3699999999999934,0.8739832924648407,7.924975747293435,0.057880775952339175
2.3799999999999932,0.8786207434076522,7.949416998398624,0.05854988107681275
2.389999999999993,0.8832147800051657,7.973618895321564,0.05920445549488068
2.399999999999993,0.887764917347465,7.997581411365872,0.059844314169883735
2.4099999999999926,0.8922706800034194,8.021304544136528,0.060469277763366705
2.4199999999999924,0.8967316021335298,8.04478831513777,0.06107917268276215
2.429999999999992,0.9011472275900747,8.068032769561098,0.06167383117675782
2.439999999999992,0.9055171100127167,8.09103797612053,0.06225309138298036
2.4499999999999917,0.9098408129253305,8.113804026839905,0.06281679742336274
2.4599999999999915,0.9141179098446021,8.13633103662562,0.06336479947566986
2.4699999999999913,0.9183479843631875,8.158619143219711,0.0638969537973404
2.479999999999991,0.9225306302474653,8.180668506890711,0.0644131228208542
2.489999999999991,0.9266654515351587,8.202479310100273,0.06491317517757417
2.4999999999999907,0.9307520626189262,8.224051757359636,0.06539698576927186
2.5099999999999905,0.9347900883371858,8.245386074942818,0.06586443583965303
2.5199999999999902,0.9387791640536182,8.266482510742001,0.06631541299819947
2.52999999999999,0.9427189357455182,8.287341333955805,0.06674981126785279
2.53999999999999,0.9466090600885891,8.30796283480077,0.06716753106117249
2.5499999999999896,0.9504492045285056,8.328347324388742,0.06756847932338715
2.5599999999999894,0.9542390473677419,8.348495134341933,0.06795256946086885
2.569999999999989,0.9579782778277365,8.368406616740359,0.06831972146034242
2.579999999999989,0.9616665961344595,8.388082143687985,0.06866986181735993
2.5899999999999888,0.9653037135806559,8.407522107187404,0.06900292358398438
2.5999999999999885,0.9688893525970166,8.426726918847281,0.06931884644031526
2.6099999999999883,0.9724232468126484,8.445697009707983,0.06961757664680482
2.619999999999988,0.9759051411179146,8.464432829995085,0.06989906706809998
2.629999999999988,0.9793347917313585,8.482934848776964,0.07016327714920044
2.6399999999999877,0.9827119662474028,8.50120355385945,0.07041017293930053
2.6499999999999875,0.9860364436912824,8.519239451536945,0.0706397271156311
2.6599999999999873,0.9893080145729133,8.537043066318951,0.07085191893577575
2.669999999999987,0.9925264809397011,8.554614940631964,0.07104673421382904
2.679999999999987,0.9956916564130376,8.571955634710799,0.07122416534423828
2.6899999999999866,0.9988033662353758,8.58906572629878,0.07138421127796173
2.6999999999999864,1.0018614473093121,8.60594581041842,0.07152687747478485
2.709999999999986,1.004865748235404,8.622596499117426,0.07165217587947846
2.719999999999986,1.007816129338453,8.63901842133274,0.07176012492179872
2.7299999999999858,1.0107124627111852,8.655212222468307,0.0718507494211197
2.7399999999999856,1.0135546322258413,8.671178564376229,0.07192408061027528
2.7499999999999853,1.0163425335665317,8.686918125004073,0.07198015606403352
2.759999999999985,1.0190760742430311,8.702431598255316,0.07201901969909669
2.769999999999985,1.0217551736133343,8.71771969368241,0.07204072165489198
2.7799999999999847,1.024379762897867,8.73278313625028,0.07204531829357148
2.7899999999999845,1.0269497851938474,8.747622666051369,0.07203287210464479
2.7999999999999843,1.02946519546749,8.762239038281344,0.07200345172882082
2.809999999999984,1.0319259605668727,8.776633022880986,0.07195713179111482
2.819999999999984,1.0343320592194805,8.790805404343647,0.07189399294853212
2.8299999999999836,1.0366834820314763,8.804756981450462,0.07181412172317506
2.8399999999999834,1.0389802314784657,8.818488567076018,0.07171761050224305
2.849999999999983,1.0412223218894165,8.832000988040722,0.07160455744266511
2.859999999999983,1.043409779444236,8.84529508472446,0.07147506637573244
2.869999999999983,1.045542642149106,8.858371710941016,0.07132924678325654
2.8799999999999826,1.047620959811774,8.871231733764054,0.07116721367836
2.8899999999999824,1.0496447940269666,8.883876033162021,0.07098908753395082
2.899999999999982,1.0516142181345396,8.89630550196517,0.07079499421119692
2.909999999999982,1.053529317194495,8.908521045546372,0.07058506484031679
2.9199999999999817,1.0553901879500271,8.920523581620063,0.07035943577289583
2.9299999999999815,1.057196938792086,8.932314039969043,0.07011824846267702
2.9399999999999813,1.0589496897103627,8.943893362313212,0.06986164939403536
2.949999999999981,1.0606485722474923,8.955262502082427,0.06958978996276857
2.959999999999981,1.062293729449749,8.96642242418863,0.06930282640457155
2.9699999999999807,1.063885315809259,8.977374104868623,0.0690009196996689
2.9799999999999804,1.065423497215921,8.988118531335859,0.0686842354297638
2.9899999999999802,1.0669084508860567,8.998656701717005,0.06835294373035432
2.99999999999998,1.0683403653105463,9.008989624654841,0.0680072191476822
3.00999999999998,1.0697194401636108,9.019118319433845,0.0676472405910492
3.0199999999999796,1.0710458862504804,9.02904381548672,0.06727319114208222
3.0299999999999794,1.0723199254336202,9.038767152161986,0.0668852579832077
3.039999999999979,1.073541790534781,9.048289378800284,0.06648363234996796
3.049999999999979,1.0747117252720673,9.057611554239216,0.06606850934028625
3.0599999999999787,1.0758299841632764,9.066734746769667,0.06564008784294129
3.0699999999999785,1.0768968324386532,9.075660033901348,0.06519857041835785
3.0799999999999783,1.077912545945601,9.084388502199253,0.06474416320323943
3.089999999999978,1.0788774110594042,9.092921246976946,0.06427707576751708
3.099999999999978,1.079791724579776,9.10125937215598,0.06379752099514006
3.1099999999999777,1.080655793621247,9.109403990172556,0.06330571501255035
3.1199999999999775,1.0814699355201458,9.117356221574516,0.06280187704563141
3.1299999999999772,1.0822344777125628,9.125117195022517,0.062286229300498965
3.139999999999977,1.0829497576214617,9.132688047100572,0.06175899689197541
3.149999999999977,1.083616122559812,9.140069921816998,0.06122040765285492
3.1599999999999766,1.0842339295862853,9.14726397081899,0.06067069208621979
3.1699999999999764,1.084803545400719,9.154271352916922,0.06011008319854736
3.179999999999976,1.085325346208788,9.161093234060614,0.05953881640434265
3.189999999999976,1.0857997175968959,9.167730787101284,0.058957129406929015
3.1999999999999758,1.086227054402676,9.174185191577179,0.058365262103080746
3.2099999999999755,1.0866077605798048,9.180457633546713,0.05776345643997192
3.2199999999999753,1.0869422490642207,9.186549305350159,0.057151956295967095
3.229999999999975,1.0872309416252377,9.192461405585522,0.0565310073852539
3.239999999999975,1.0874742687386196,9.198195138655974,0.05590085711479186
3.2499999999999747,1.0876726694204086,9.203751714959989,0.05526175451278686
3.2599999999999745,1.0878265911065177,9.209132350224609,0.05461395006179809
3.2699999999999743,1.087936489471324,9.214338265886187,0.05395769562721252
3.279999999999974,1.0880028282902574,9.219370688638076,0.053293244314193716
3.289999999999974,1.0880260792916756,9.224230850121254,0.05262085037231445
3.2999999999999736,1.0880067219884906,9.228919986948428,0.051940769052505484
3.3099999999999734,1.0879452435254142,9.233439340395014,0.051253256511688224
3.319999999999973,1.0878421385138655,9.237790156280788,0.050558569717407215
3.329999999999973,1.087697908855241,9.241973685042286,0.049856966352462756
3.3399999999999728,1.0875130635936665,9.24599118118637,0.04914870467185973
3.3499999999999726,1.0872881187422652,9.249843903220299,0.04843404335975646
3.3599999999999723,1.0870235971031785,9.25353311367736,0.047713241481780994
3.369999999999972,1.0867200281135465,9.257060078571328,0.04698655834197997
3.379999999999972,1.086377947641568,9.260426067851457,0.046254253387451164
3.3899999999999717,1.0859978978399651,9.263632354619487,0.045516586112976064
3.3999999999999715,1.0855804269525744,9.266680215299651,0.044773815965652455
3.4099999999999713,1.0851260891373893,9.269570929428042,0.04402620224952697
3.419999999999971,1.0846354442921193,9.272305779347134,0.04327400393486022
3.429999999999971,1.0841090578655441,9.27488605018657,0.04251747965812682
3.4399999999999706,1.0835475006739668,9.277313029701512,0.04175688757896422
3.4499999999999704,1.082951348714374,9.279588008159116,0.040992485284805286
3.45999999999997,1.082321182982371,9.28171227808258,0.04022452974319457
3.46999999999997,1.0816575892828686,9.283687134138628,0.03945327711105346
3.47999999999997,1.0809611580455103,9.285513872882586,0.03867898268699645
3.4899999999999696,1.0802324841277218,9.287193792789878,0.037901900863647454
3.4999999999999694,1.0794721666209863,9.288728194192801,0.03712228498458862
3.509999999999969,1.0786808086724822,9.290118378789005,0.03634038724899291
3.519999999999969,1.0778590172875695,9.291365649627046,0.035556458616256705
3.5299999999999687,1.077007403130324,9.292471311140185,0.03477074875831603
3.5399999999999685,1.0761265803339517,9.29343666889487,0.033983506011962886
3.5499999999999683,1.0752171663054246,9.294263029482785,0.03319497718811035
3.559999999999968,1.0742797815345597,9.29495170027053,0.032405407524108885
3.569999999999968,1.073315049400842,9.295503989197574,0.031615040683746334
3.5799999999999677,1.072323595967637,9.295921204956091,0.030824118566513056
3.5899999999999674,1.071306049797796,9.296204656504209,0.030032881307601924
3.5999999999999672,1.0702630417522347,9.296355653104131,0.029241567134857174
3.609999999999967,1.0691952047932016,9.296375504217922,0.028450412368774408
3.619999999999967,1.0681031737916868,9.29626551926093,0.027659651279449457
3.6299999999999666,1.066987585327989,9.296027007594168,0.026869516086578362
3.6399999999999664,1.065849077496644,9.295661278374341,0.026080236816406244
3.649999999999966,1.0646882897152874,9.295169640261507,0.02529204130172729
3.659999999999966,1.0635058625212266,9.29455340160403,0.02450515508651733
3.6699999999999657,1.0623024373845722,9.293813870004506,0.023719801378250117
3.6799999999999655,1.061078656511797,9.292952352267637,0.022936200904846188
3.6899999999999653,1.0598351626457396,9.291970154539442,0.022154571962356564
3.699999999999965,1.0585725988807335,9.290868581827354,0.021375130319595332
3.709999999999965,1.0572916084691382,9.289648937902296,0.020598089122772213
3.7199999999999647,1.0559928346208678,9.288312525582759,0.01982365889549255
3.7299999999999645,1.054676920323882,9.286860646066023,0.019052047443389886
3.7399999999999642,1.0533445081448074,9.285294599261109,0.018283459806442255
3.749999999999964,1.0519962400441334,9.283615683454897,0.017518098211288448
3.759999999999964,1.0506327571876062,9.281825195217184,0.01675616207122802
3.7699999999999636,1.0492546997587586,9.27992442930631,0.015997847890853876
3.7799999999999634,1.0478627067703956,9.277914678718394,0.015243349218368524
3.789999999999963,1.046457415885089,9.275797234260327,0.014492856597900386
3.799999999999963,1.0450394632298263,9.27357338455241,0.013746557569503779
3.8099999999999627,1.0436094832123552,9.27124441603152,0.013004636573791499
3.8199999999999625,1.0421681083418093,9.268811612764082,0.012267274951934809
3.8299999999999623,1.0407159690500118,9.266276256307215,0.011534650897979731
3.839999999999962,1.0392536935120587,9.263639625761092,0.010806939411163325
3.849999999999962,1.0377819074726125,9.260902997488015,0.010084312295913691
3.8599999999999617,1.0363012340699957,9.25806764516572,0.009366938114166255
3.8699999999999615,1.0348122936638262,9.255134839698083,0.008654982185363765
3.8799999999999613,1.0333157036677718,9.252105848744812,0.007948606491088863
3.889999999999961,1.0318120783770963,9.248981937014454,0.007247969675064083
3.899999999999961,1.0303020288020155,9.245764366176374,0.006553227043151851
3.9099999999999606,1.0287861625039862,9.242454394630055,0.005864530515670772
3.9199999999999604,1.02726508343283,9.23905327741783,0.005182028627395626
3.92999999999996,1.0257393917667044,9.235562265994908,0.004505866479873654
3.93999999999996,1.024209683751717,9.231982608476592,0.003836185789108273
3.9499999999999598,1.0226765515466234,9.228315549361286,0.0031731247901916467
3.9599999999999596,1.021140583068994,9.224562329349185,0.0025168182373046842
3.9699999999999593,1.0196023618429697,9.220724185351997,0.001867397403717038
3.979999999999959,1.01806246684998,9.216802350312188,0.0012249900817871064
3.989999999999959,1.0165214723811895,9.212798053356277,0.0005897205352783175
3.9999999999999587,1.0149799478932418,9.208712519566916,-3.82904529571559e-05
4.009999999999959,1.013438457866092,9.204546969850535,-0.0006589256286621117
4.019999999999959,1.0118975616632782,9.200302620852893,-0.0012720712661743185
4.0299999999999585,1.0103578133951807,9.195980685208605,-0.0018776171207427997
4.039999999999958,1.0088197617839392,9.19158237088484,-0.0024754565238952653
4.049999999999958,1.0072839500321364,9.187108881526544,-0.0030654863357543957
4.059999999999958,1.0057509156932676,9.182561416181906,-0.003647606945037843
4.069999999999958,1.0042211905461873,9.177941169504782,-0.004221722269058229
4.079999999999957,1.0026953004697219,9.173249331194288,-0.004787739753723146
4.089999999999957,1.0011737653230557,9.168487086292792,-0.005345570373535157
4.099999999999957,0.999657098828241,9.163655615197863,-0.0058951286315917974
4.109999999999957,0.9981458084532032,9.158756093245136,-0.0064363325119018554
4.119999999999957,0.9966403953011189,9.153789690958787,-0.006969103527069091
4.129999999999956,0.9951413539994101,9.148757573729817,-0.00749336667060852
4.139999999999956,0.9936491725936016,9.143660901828152,-0.00800905041694641
4.149999999999956,0.9921643324450481,9.138500830510075,-0.008516086721420287
4.159999999999956,0.9906873081291371,9.133278509791877,-0.009014410972595213
4.1699999999999555,0.9892185673382693,9.127995084461874,-0.009503961992263792
4.179999999999955,0.9877585707857088,9.122651693853976,-0.009984682083129881
4.189999999999955,0.9863077721145588,9.117249471859589,-0.01045651693344116
4.199999999999955,0.9848666178128783,9.111789547225527,-0.010919415616989133
4.209999999999955,0.9834355471210469,9.106273042802858,-0.011373330593109129
4.2199999999999545,0.9820149919561054,9.1007010761307,-0.011818217706680295
4.229999999999954,0.9806053768279589,9.095074758970934,-0.012254036092758176
4.239999999999954,0.9792071187672374,9.089395197605667,-0.012680748176574703
4.249999999999954,0.9778206272465547,9.083663492323991,-0.01309831972122192
4.259999999999954,0.9764463041159935,9.077880737814523,-0.013506719732284542
4.269999999999953,0.9750845435321055,9.072048022794888,-0.013905920457839963
4.279999999999953,0.9737357318961266,9.06616643011783,-0.014295897388458248
4.289999999999953,0.9724002477942126,9.060237036781782,-0.014676629161834712
4.299999999999953,0.9710784619373339,9.054260913702844,-0.015048097610473628
4.3099999999999525,0.969770737108341,9.048239125772628,-0.015410287714004512
4.319999999999952,0.9684774281115726,9.042172731868218,-0.015763187503814693
4.329999999999952,0.9671988817218367,9.036062784623512,-0.016106788110733027
4.339999999999952,0.9659354366431706,9.02991033062944,-0.01644108366966247
4.349999999999952,0.9646874234623659,9.023716410109488,-0.01676607136726379
4.3599999999999515,0.963455164614836,9.017482057167115,-0.017081751394271847
4.369999999999951,0.9622389743449988,9.011208299508459,-0.01738812685012817
4.379999999999951,0.9610391586760265,9.004896158546211,-0.01768520374298095
4.389999999999951,0.9598560153819804,8.998546649455545,-0.017972990942001336
4.399999999999951,0.9586898339553672,8.99216078080069,-0.018251500177383414
4.40999999999995,0.9575408955886742,8.985739554781034,-0.018520745992660514
4.41999999999995,0.9564094731504084,8.979283967000175,-0.018780745697021477
4.42999999999995,0.9552958311746691,8.972795006806805,-0.019031519317626946
4.43999999999995,0.9542002258368273,8.966273656729484,-0.019273089599609366
4.4499999999999496,0.953122904950039,8.959720892864617,-0.019505481910705558
4.459999999999949,0.9520641079511231,8.953137684549025,-0.01972872428894042
4.469999999999949,0.9510240659004241,8.946524994604324,-0.019942847299575794
4.479999999999949,0.9500030014733578,8.939883779008904,-0.02014788408279418
4.489999999999949,0.9490011289661409,8.933214987141714,-0.020343870306015005
4.4999999999999485,0.9480186542958905,8.92651956159668,-0.02053084406852721
4.509999999999948,0.9470557750092741,8.91979843828287,-0.020708845901489248
4.519999999999948,0.9461126802901139,8.913052546333665,-0.020877918672561634
4.529999999999948,0.9451895509686818,8.906282807967962,-0.021038107633590687
4.539999999999948,0.9442865595407325,8.899490138684797,-0.021189460325241077
4.549999999999947,0.9434038701802903,8.892675447028607,-0.021332026529312122
4.559999999999947,0.9425416387621042,8.885839634687915,-0.021465858268737783
4.569999999999947,0.9417000128848089,8.878983596498381,-0.02159100971221923
4.579999999999947,0.9408791318925797,8.872108220254859,-0.021707537174224845
4.589999999999947,0.9400791269065621,8.865214386856888,-0.02181549906730651
4.599999999999946,0.93930012085791,8.85830297040622,-0.021914955806732167
4.609999999999946,0.9385422285118605,8.851374837779673,-0.022005969858169546
4.619999999999946,0.93780555651098,8.844430848964457,-0.022088605594634998
4.629999999999946,0.9370902034104145,8.83747185691651,-0.022162929344177233
4.6399999999999455,0.936396259718728,8.830498707561576,-0.022229009294509876
4.649999999999945,0.9357238079400583,8.823512239748345,-0.022286915445327748
4.659999999999945,0.9350729226228477,8.816513285392023,-0.022336719560623157
4.669999999999945,0.934443670401311,8.809502669188594,-0.0223784951686859
4.679999999999945,0.9338361100508813,8.802481208853223,-0.022412317514419543
4.689999999999944,0.933250292538466,8.795449715024702,-0.022438263463973984
4.699999999999944,0.9326862610748501,8.788408991169671,-0.022456411504745467
4.709999999999944,0.9321440511724651,8.781359833629605,-0.022466841697692853
4.719999999999944,0.9316236907052823,8.774303031667568,-0.02246963562965391
4.729999999999944,0.9311251999686347,8.767239367419421,-0.0224648763656616
4.739999999999943,0.9306485917421371,8.760169615892462,-0.02245264835357664
4.749999999999943,0.9301938713534674,8.753094544916191,-0.02243303747177122
4.759999999999943,0.9297610367473406,8.746014915235895,-0.022406130933761575
4.769999999999943,0.9293500785499494,8.738931480319987,-0.022372017288207986
4.7799999999999425,0.9289609801449144,8.73184498659622,-0.022330786275863625
4.789999999999942,0.9285937177413597,8.724756173258653,-0.022282528924941994
4.799999999999942,0.9282482604534198,8.717665772503496,-0.022227337408065772
4.809999999999942,0.9279245703686716,8.710574509192723,-0.022165304994583107
4.819999999999942,0.9276226026288557,8.703483100994234,-0.02209652609825132
4.8299999999999415,0.9273423055143607,8.696392258617216,-0.022021096134185767
4.839999999999941,0.9270836205154833,8.68930268537994,-0.021939111566543556
4.849999999999941,0.9268464824221458,8.68221507754017,-0.02185066976547239
4.859999999999941,0.9266308194066156,8.675130124244061,-0.021755869054794288
4.869999999999941,0.9264365531066885,8.66804850742727,-0.02165480861663816
4.87999999999994,0.9262635987144295,8.660970901906621,-0.021547588491439795
4.88999999999994,0.926111865064206,8.653897975376323,-0.021434309482574437
4.89999999999994,0.9259812547189394,8.646830388261064,-0.0213150732040405
4.90999999999994,0.9258716640658865,8.639768793950392,-0.02118998193740842
4.9199999999999395,0.9257829834064142,8.63271383869929,-0.02105913863182065
4.929999999999939,0.925715097049009,8.625666161624029,-0.02092264690399167
4.939999999999939,0.9256678834054534,8.618626394793274,-0.020780610942840547
4.949999999999939,0.9256412150800941,8.611595162937753,-0.020633135509490936
4.959999999999939,0.9256349589751017,8.604573083874953,-0.02048032588958737
4.9699999999999385,0.9256489763837933,8.597560768314018,-0.020322287797927822
4.979999999999938,0.9256831230878897,8.590558819803615,-0.020159127426147425
4.989999999999938,0.9257372494605641,8.58356783491813,-0.019990951347351037
4.999999999999938,0.9258112005625919,8.576588403062445,-0.019817866516113242
5.009999999999938,0.9259048162489244,8.569621106753425,-0.019639980173110923
5.019999999999937,0.9260179312655058,8.562666521376972,-0.019457399892806967
5.029999999999937,0.9261503753516828,8.555725215183433,-0.019270233488082846
5.039999999999937,0.9263019733469744,8.548797749473705,-0.01907858901023861
5.049999999999937,0.9264725452947359,8.54188467859464,-0.018882574653625448
5.0599999999999365,0.9266619065481941,8.534986550029807,-0.018682298755645713
5.069999999999936,0.9268698678698453,8.528103904108864,-0.01847786979675289
5.079999999999936,0.9270962355404511,8.521237274193696,-0.018269396305084187
5.089999999999936,0.9273408114683367,8.514387186864585,-0.01805698685646053
5.099999999999936,0.9276033932903637,8.507554161629649,-0.017840750074386555
5.1099999999999355,0.9278837744846455,8.500738711254096,-0.01762079448699947
5.119999999999935,0.9281817444723396,8.49394134146974,-0.01739722862243648
5.129999999999935,0.9284970887300211,8.487162551256665,-0.017170160913467365
5.139999999999935,0.9288295888947057,8.480402832695866,-0.01693969964981075
5.149999999999935,0.9291790228732564,8.473662671060307,-0.016705952978134115
5.159999999999934,0.9295451649503182,8.466942544810701,-0.01646902880668636
5.169999999999934,0.9299277858947876,8.460242925495995,-0.01622903490066524
5.179999999999934,0.9303266530735294,8.453564278083014,-0.015986078739166215
5.189999999999934,0.9307415305556659,8.446907060714054,-0.015740267562866166
5.199999999999934,0.9311721792224321,8.440271724798285,-0.015491708278655961
5.209999999999933,0.9316183568754354,8.433658715007887,-0.015240507459640458
5.219999999999933,0.9320798183470642,8.4270684694173,-0.01498677129745479
5.229999999999933,0.9325563156063772,8.420501419356484,-0.014730605649948075
5.239999999999933,0.9330475978707073,8.413957989645706,-0.01447211589813228
5.2499999999999325,0.9335534117119915,8.407438598496665,-0.014211407041549638
5.259999999999932,0.9340735011637618,8.400943657461386,-0.013948583555221512
5.269999999999932,0.9346076078292532,8.394473571476581,-0.013683749437332107
5.279999999999932,0.9351554709905417,8.388028739003447,-0.013417008161544753
5.289999999999932,0.9357168277140506,8.381609551929198,-0.013148462677001906
5.299999999999931,0.936291412960885,8.375216395850115,-0.012878215312957715
5.309999999999931,0.9368789596878678,8.368849649687197,-0.01260636787414546
5.319999999999931,0.9374791989577002,8.362509686017118,-0.012333021497726391
5.329999999999931,0.9380918600430088,8.356196870974165,-0.012058276653289745
5.339999999999931,0.9387166705329076,8.349911564390698,-0.011782233190536449
5.34999999999993,0.9393533564372906,8.34365411979468,-0.011504990243911693
5.35999999999993,0.9400016422884013,8.337424884216587,-0.01122664623260493
5.36999999999993,0.9406612512468959,8.331224198425573,-0.010947298908233592
5.37999999999993,0.9413319052061001,8.325052397070378,-0.010667045211791942
5.3899999999999295,0.9420133248913888,8.318909808438903,-0.010385981321334788
5.399999999999929,0.942705229965168,8.312796754790083,-0.010104202604293771
5.409999999999929,0.9434073391231098,8.306713551922972,-0.00982180366516108
5.419999999999929,0.9441193702000833,8.30066050974724,-0.009538878250122016
5.429999999999929,0.9448410402665267,8.294637931995545,-0.009255519247054998
5.4399999999999284,0.9455720657274989,8.288646116269764,-0.008971818733215276
5.449999999999928,0.9463121624218405,8.28268535418272,-0.008687867832183782
5.459999999999928,0.9470610457174299,8.276755931166248,-0.008403756809234563
5.469999999999928,0.947818430609508,8.270858126708507,-0.008119575023651066
5.479999999999928,0.9485840318171487,8.264992214496047,-0.007835410881042422
5.489999999999927,0.9493575638760878,8.25915846222221,-0.007551351833343448
5.499999999999927,0.9501387412323388,8.253357131586375,-0.007267484378814639
5.509999999999927,0.9509272783359708,8.247588478436352,-0.0069838940143584615
5.519999999999927,0.9517228897347921,8.241852753053944,-0.006700665235519349
5.5299999999999265,0.9525252901613401,8.236150199630005,-0.0064178815841674204
5.539999999999926,0.9533341946259961,8.230481056740944,-0.006135625553131043
5.549999999999926,0.9541493185050518,8.224845557253131,-0.005853978586196839
5.559999999999926,0.9549703776276013,8.21924392817974,-0.005573021125793396
5.569999999999926,0.9557970883640232,8.213676390966821,-0.0052928325176238395
5.5799999999999255,0.9566291677113115,8.208143161445705,-0.0050134910583495475
5.589999999999925,0.9574663333781561,8.202644449928542,-0.004735073995590148
5.599999999999925,0.9583083038675371,8.19718046101785,-0.00445765743255609
5.609999999999925,0.959154798561164,8.19175139403602,-0.004181316375732359
5.619999999999925,0.9600055377987683,8.18635744259664,-0.003906124782562193
5.629999999999924,0.960860242959806,8.180998794938805,-0.0036321554183959327
5.639999999999924,0.9617186365423901,8.175675633927764,-0.003359479951858457
5.649999999999924,0.9625804422404823,8.170388136864892,-0.0030881689548491794
5.659999999999924,0.96344538502225,8.165136475965326,-0.0028182918071746185
5.6699999999999235,0.9643131912044149,8.159920818025057,-0.002549916744232113
5.679999999999923,0.9651835885272618,8.154741324660295,-0.002283110809326107
5.689999999999923,0.9660563062271954,8.149598152117761,-0.002017939949035579
5.699999999999923,0.9669310751094383,8.144491451609573,-0.001754468870162898
5.709999999999923,0.967807627618017,8.139421369028303,-0.0014927611351012522
5.7199999999999225,0.9686856979056533,8.134388045186629,-0.0012328791141509345
5.729999999999922,0.9695650219018239,8.129391615770942,-0.0009748840332030581
5.739999999999922,0.9704453373798232,8.124432211438066,-0.0007188358783721252
5.749999999999922,0.9713263840224078,8.119509957864352,-0.000464793443679742
5.759999999999922,0.9722079034861298,8.114624975747148,-0.00021281433105461956
5.769999999999921,0.973089639464457,8.109777380949359,3.704509735114254e-05
5.779999999999921,0.9739713377494641,8.104967284357963,0.0002847296714783402
5.789999999999921,0.9748527462923224,8.100194792076362,0.0005301854133606648
5.799999999999921,0.9757336152625758,8.095460005187613,0.0007733595848084191
5.809999999999921,0.976613697105828,8.090763020185278,0.0010142006397248014
5.81999999999992,0.9774927466004812,8.086103928689056,0.0012526582241059053
5.82999999999992,0.9783705209128918,8.081482817637283,0.0014886832714081518
5.83999999999992,0.9792467796511252,8.076899769384102,0.0017222279071808573
5.84999999999992,0.9801212849176855,8.072354861605922,0.0019532454490662336
5.8599999999999195,0.9809938013607861,8.067848167350956,0.002181690454483104
5.869999999999919,0.9818640962241543,8.063379755136472,0.002407518720626903
5.879999999999919,0.9827319393954279,8.058949689046058,0.002630687284469677
5.889999999999919,0.9835971034535217,8.054558028683854,0.002851154375076367
5.899999999999919,0.9844593637148968,8.050204829081123,0.0030688794136048097
5.909999999999918,0.9853184982776126,8.045890140936617,0.003283823060989454
5.919999999999918,0.9861742880646263,8.041614010618533,0.0034959472179413587
5.929999999999918,0.9870265168655983,8.037376480214162,0.003705214977264479
5.939999999999918,0.9878749713777308,8.033177587484179,0.003911590671539382
5.949999999999918,0.9887194412455012,8.02901736576925,0.004115039777755813
5.959999999999917,0.9895597190966859,8.024895844516523,0.004315529060363845
5.969999999999917,0.990395600580696,8.020813048852453,0.004513026428222732
5.979999999999917,0.99122688440279,8.016768999870871,0.004707501029968338
5.989999999999917,0.9920533723589736,8.012763714444212,0.004898923158645706
5.9999999999999165,0.9928748693674704,8.008797205511572,0.005087264347076493
6.009999999999916,0.9936911835010659,8.004869481889914,0.005272497272491532
6.019999999999916,0.9945021260163429,8.000980548466739,0.005454595851898271
6.029999999999916,0.9953075113814395,7.997130406392724,0.005633535146713335
6.039999999999916,0.9961071573061909,7.993319052606801,0.00580929136276253
6.0499999999999154,0.9969008847647222,7.989546480505592,0.005981841945648273
6.059999999999915,0.9976885180227956,7.985812679516121,0.0061511654376984444
6.069999999999915,0.9984698846604502,7.982117635288389,0.006317241573333821
6.079999999999915,0.9992448155944265,7.97846132969718,0.006480051183700643
6.089999999999915,1.000013145098781,7.974843740939217,0.006639576292038046
6.099999999999914,1.0007747108232001,7.971264843773334,0.006795800065994345
6.109999999999914,1.0015293538151095,7.967724608997694,0.00694870676994332
6.119999999999914,1.0022769185323022,7.964223004166727,0.00709828181266793
6.129999999999914,1.0030172528626926,7.960759993068294,0.007244511699676597
6.1399999999999135,1.0037502081373202,7.957335536011408,0.007387384033203209
6.149999999999913,1.0044756391423477,7.953949590066252,0.007526887559890831
6.159999999999913,1.0051934041357895,7.950602108493546,0.007663012075424279
6.169999999999913,1.0059033648528182,7.947293041556677,0.0077957484722138305
6.179999999999913,1.006605386519854,7.944022335998682,0.007925088691711511
6.1899999999999125,1.007299337862504,7.940789935186736,0.008051025772094813
6.199999999999912,1.0079850911114687,7.937595779351977,0.008173553800582973
6.209999999999912,1.0086625220107035,7.934439805400141,0.008292667913436977
6.219999999999912,1.0093315098205804,7.931321947198979,0.00840836429595956
6.229999999999912,1.0099919373241921,7.92824213534113,0.00852064013481149
6.239999999999911,1.0106436908286156,7.925200297383766,0.008629493665695279
6.249999999999911,1.0112866601665826,7.922196357897469,0.008734924125671475
6.259999999999911,1.01192073870038,7.919230238133608,0.008836931705474942
6.269999999999911,1.0125458233168465,7.916301856597625,0.00893551764488229
6.2799999999999105,1.013161814428679,7.913411128764001,0.009030684137344449
6.28999999999991,1.0137686159713741,7.910557967172635,0.009122434329986662
6.29999999999991,1.0143661354008453,7.907742281334443,0.009210772323608488
6.30999999999991,1.0149542836856484,7.9049639781137335,0.009295703172683805
6.31999999999991,1.0155329753033697,7.902222961538354,0.009377232885360808
6.3299999999999095,1.0161021282338145,7.899519132848195,0.00945536837577829
6.339999999999909,1.016661663950304,7.896852390639019,0.00953011751174936
6.349999999999909,1.0172115074139945,7.8942226305770955,0.009601489019394014
6.359999999999909,1.0177515870604854,7.891629745829025,0.009669492530822848
6.369999999999909,1.0182818347908695,7.8890736269193305,0.009734138536453342
6.379999999999908,1.0188021859595777,7.8865541618264094,0.00979543838500986
6.389999999999908,1.0193125793626812,7.8840712359354,0.00985340433120737
6.399999999999908,1.0198129572228873,7.881624732229401,0.009908049440384006
6.409999999999908,1.020303265177405,7.879214531099201,0.009959387588501071
6.419999999999908,1.0207834522626067,7.876840510391364,0.010007433509826755
6.429999999999907,1.0212534708939482,7.874502545837723,0.010052202749252415
6.439999999999907,1.021713276853572,7.872200510626563,0.01009371161460886
6.449999999999907,1.0221628292694718,7.869934275736661,0.010131977224350072
6.459999999999907,1.0226020905976068,7.867703709889835,0.010167017459869481
6.4699999999999065,1.0230310266061204,7.865508679217354,0.01019885091781626
6.479999999999906,1.023449606347658,7.863349048022985,0.010227497005462743
6.489999999999906,1.0238578021443863,7.861224678210914,0.010252975845337011
6.499999999999906,1.0242555895620564,7.859135429714934,0.01027530822753916
6.509999999999906,1.0246429473906633,7.857081160212376,0.01029451570510874
6.519999999999905,1.0250198576194198,7.85506172531481,0.010310620498657323
6.529999999999905,1.0253863054119936,7.853076978663347,0.010323645496368505
6.539999999999905,1.025742279082513,7.851126771880856,0.010333614301681615
6.549999999999905,1.0260877700703332,7.849210954571824,0.010340551137924292
6.559999999999905,1.0264227729131643,7.847329374417543,0.010344480848312475
6.569999999999904,1.026747285221026,7.845481877128226,0.010345428943634131
6.579999999999904,1.0270613076465478,7.843668306681156,0.010343421554565527
6.589999999999904,1.0273648438605398,7.8418885049866445,0.010338485383987525
6.599999999999904,1.0276579005180895,7.840142312412211,0.010330647754669289
6.6099999999999035,1.0279404872324014,7.83842956749615,0.010319936513900856
6.619999999999903,1.028212616543162,7.836750107137883,0.010306380128860574
6.629999999999903,1.0284743038882058,7.835103766406824,0.010290007591247659
6.639999999999903,1.0287255675716824,7.833490378637311,0.010270848417282204
6.649999999999903,1.0289664287297309,7.8319097757142275,0.010248932647705178
6.659999999999902,1.0291969113005237,7.83036178788179,0.01022429084777842
6.669999999999902,1.0294170419913202,7.828846243790715,0.010196954059600931
6.679999999999902,1.02962685024455,7.827362970593041,0.010166953802108867
6.689999999999902,1.0298263682063293,7.825911793750841,0.010134322071075542
6.699999999999902,1.0300156306877022,7.824492537512444,0.010099091339111431
6.709999999999901,1.030194675133649,7.823105024578066,0.01006129450798045
6.719999999999901,1.0303635415868155,7.821749076242222,0.010020964860916241
6.729999999999901,1.0305222726523133,7.820424512393081,0.009978136157989606
6.739999999999901,1.0306709134601364,7.819131151702524,0.00993284254074107
6.7499999999999005,1.030809511631019,7.81786881143474,0.00988511853218089
6.7599999999999,1.0309381172381076,7.816637307636251,0.009834999036789045
6.7699999999999,1.0310567827711032,7.815436455039837,0.009782519340515241
6.7799999999999,1.0311655630967425,7.814266067302218,0.009727715063095197
6.7899999999999,1.0312645154231737,7.813125956812588,0.009670622158050642
6.7999999999998995,1.031353699259355,7.812015934977954,0.009611276912689315
6.809999999999899,1.0314331763810651,7.810935811793242,0.009549715900421248
6.819999999999899,1.031503010788338,7.809885396269659,0.009485976028442488
6.829999999999899,1.0315632686685594,7.808864496243191,0.009420094442367659
6.839999999999899,1.0316140183543456,7.807872918707585,0.00935210857391368
6.849999999999898,1.0316553302861449,7.806910469622834,0.009282056140899764
6.859999999999898,1.0316872769714145,7.805976954057423,0.009209975099563705
6.869999999999898,1.03170993294713,7.805072175949119,0.009135903596878159
6.879999999999898,1.0317233747372576,7.804195938390262,0.009059880065918076
6.8899999999998975,1.0317276808130653,7.80334804357927,0.008981943082809555
6.899999999999897,1.0317229315511542,7.8025282930105595,0.008902131462097276
6.909999999999897,1.0317092091964242,7.80173648709229,0.008820484161377061
6.919999999999897,1.0316865978176433,7.800972425574687,0.0087370403289796
6.929999999999897,1.031655183267571,7.8002359074538745,0.008651839303970446
6.9399999999998965,1.0316150531428805,7.7995267308757095,0.00856492052078258
6.949999999999896,1.0315662967411157,7.798844693373391,0.008476323556900135
6.959999999999896,1.0315090050196347,7.798189591866666,0.008386088132858387
6.969999999999896,1.031443270556433,7.79756122242263,0.008294254064560047
6.979999999999896,1.0313691875056674,7.796959380636396,0.008200861263275258
6.989999999999895,1.0312868515591183,7.796383861296549,0.008105949687957876
6.999999999999895,1.031196359902479,7.795834458670463,0.008009559440612905
7.009999999999895,1.0310978111735472,7.795310966551223,0.007911730623245352
7.019999999999895,1.0309913054208408,7.794813178256876,0.007812503433227652
7.0299999999998946,1.0308769440628918,7.7943408865343216,0.007711918067932242
7.039999999999894,1.0307548298464273,7.79389388360626,0.007610014772415275
7.049999999999894,1.030625066804189,7.79347196126584,0.007506833839416618
7.059999999999894,1.0304877602127724,7.793074910971308,0.007402415513992424
7.069999999999894,1.0303430165523493,7.792702523702271,0.0072968000411988455
7.0799999999998935,1.0301909434639247,7.792354590149737,0.007190027666092035
7.089999999999893,1.0300316497104782,7.792030900381665,0.007082138586044427
7.099999999999893,1.029865245131623,7.791731244414504,0.006973172950744745
7.109999999999893,1.0296918406042452,7.791455411974135,0.006863170909881708
7.119999999999893,1.0295115480020898,7.791203192399875,0.006752172517776606
7.129999999999892,1.0293244801547872,7.79097437464387,0.006640217733383296
7.139999999999892,1.0291307508047918,7.790768747604274,0.00652734646797192
7.149999999999892,1.0289304745676622,7.790586099981622,0.006413598537445187
7.159999999999892,1.0287237668920992,7.790426220182901,0.006299013662338376
7.169999999999892,1.028510744017967,7.790288896559417,0.0061836314201356175
7.179999999999891,1.0282915229369578,7.790173917263217,0.006067491292953611
7.189999999999891,1.0280662213510043,7.790081070484991,0.005950632619857909
7.199999999999891,1.027834957634669,7.790010144072119,0.005833094596862915
7.209999999999891,1.027597850793914,7.7899609257666045,0.005714916229248169
7.2199999999998905,1.027355020423845,7.78993320368145,0.005596136426925781
7.22999999999989,1.0271065866732132,7.789926765632655,0.005476793909072998
7.23999999999989,1.0268526702036012,7.789941399424897,0.0053569272041322025
7.24999999999989,1.0265933921505017,7.789976892851126,0.005236574649810914
7.25999999999989,1.0263288740846195,7.7900330336921835,0.0051157743930817885
7.269999999999889,1.026059237972421,7.790109609907175,0.004994564390182619
7.279999999999889,1.0257846061391425,7.790206409394706,0.004872982358932619
7.289999999999889,1.0255051012298633,7.790323220183293,0.0047510657787324245
7.299999999999889,1.0252208461716203,7.790459830478739,0.004628851938247806
7.309999999999889,1.0249319641357697,7.790616028711534,0.004506377887725956
7.319999999999888,1.0246385785019312,7.790791603298166,0.004383680391311772
7.329999999999888,1.0243408128196239,7.790986342974662,0.004260795974731572
7.339999999999888,1.0240387907723678,7.79120003665331,0.00413776087760938
7.349999999999888,1.023732636141638,7.79143247337476,0.00401461110115064
7.3599999999998875,1.0234224727702954,7.791683442450891,0.003891382360458502
7.369999999999887,1.0231084245269655,7.791952733464635,0.00376811008453382
7.379999999999887,1.0227906152707282,7.792240136269826,0.0036448294162751533
7.389999999999887,1.0224691688163001,7.792545440943383,0.003521575164795051
7.399999999999887,1.0221442088985466,7.792868438023611,0.0033983818531037675
7.4099999999998865,1.021815859139209,7.7932089182240025,0.0032752837181092612
7.419999999999886,1.0214842430119309,7.793566672719261,0.0031523146152497646
7.429999999999886,1.0211494838090367,7.7939414930498705,0.0030295081138612154
7.439999999999886,1.0208117046084313,7.794333171074371,0.00290689744949354
7.449999999999886,1.020471028240422,7.7947414990646955,0.0027845155239106544
7.459999999999885,1.0201275772553433,7.795166269658482,0.0026623948574067487
7.469999999999885,1.0197814738913145,7.79560727590676,0.002540567636490001
7.479999999999885,1.0194328400423756,7.7960643113216594,0.0024190656661988636
7.489999999999885,1.019081797227055,7.796537169924137,0.002297920417785778
7.4999999999998845,1.0187284665575358,7.797025646196345,0.002177162981033459
7.509999999999884,1.0183729687088927,7.797529535177074,0.0020568240642548953
7.519999999999884,1.0180154238891705,7.79804863236647,0.0019369339942933478
7.529999999999884,1.0176559518096364,7.7985827337261355,0.001817522716522352
7.539999999999884,1.0172946716550877,7.799131635869984,0.0016986197948457168
7.5499999999998835,1.0169317020553825,7.7996951358259485,0.001580254364013808
7.559999999999883,1.016567161056703,7.800273031179178,0.0014624551773072653
7.569999999999883,1.0162011660932186,7.800865120262929,0.0013452506065370021
7.579999999999883,1.015833833959815,7.801471201920319,0.0012286685943604888
7.589999999999883,1.01546528078475,7.802091075599874,0.001112736654281754
7.599999999999882,1.0150956220028529,7.80272454140341,0.000997481918335099
7.609999999999882,1.0147249723292397,7.803371400038553,0.0008829310894013838
7.619999999999882,1.0143534457332417,7.804031453009694,0.0007691104412080248
7.629999999999882,1.0139811554132314,7.804704502332115,0.000656045818328997
7.6399999999998816,1.0136082137714815,7.805390350675277,0.0005437625885011166
7.649999999999881,1.0132347323896063,7.806088801458441,0.0004322857379914735
7.659999999999881,1.0128608220044808,7.80679965885092,0.00032163977622999936
7.669999999999881,1.0124865924846502,7.807522727772353,0.00021184883117689922
7.679999999999881,1.0121121528071626,7.808257813749925,0.00010293650627150416
7.6899999999998805,1.011737611034836,7.809004723157071,-5.0739765165813255e-06
7.69999999999988,1.011363074294019,7.8097632630230365,-0.00011215987205491094
7.70999999999988,1.0109886487527886,7.810533241128539,-0.0002182989120481966
7.71999999999988,1.010614439599664,7.811314466053761,-0.00032346925735459266
7.72999999999988,1.0102405510228252,7.812106747369396,-0.0004276494979856957
7.739999999999879,1.009867086189563,7.812909895160128,-0.0005308187484739764
7.749999999999879,1.009494147226517,7.813723720406427,-0.0006329565525053481
7.759999999999879,1.0091218352003284,7.814548035080246,-0.0007340428829191659
7.769999999999879,1.0087502500984824,7.815382651859246,-0.0008340582370756596
7.779999999999879,1.0083794908108867,7.816227384222508,-0.0009329835414885009
7.789999999999878,1.008009655111875,7.817082046498551,-0.00103080019950852
7.799999999999878,1.00764083964276,7.8179464539610475,-0.0011274900913237052
7.809999999999878,1.00727313989469,7.818820422733801,-0.0012230355739592028
7.819999999999878,1.0069066501921196,7.81970376983878,-0.0013174194335936018
7.8299999999998775,1.006541463676419,7.820596313005732,-0.001410624980926365
7.839999999999877,1.0061776722908762,7.821497871149374,-0.0015026359558103976
7.849999999999877,1.0058153667650191,7.822408263988278,-0.0015934366226194791
7.859999999999877,1.005454636600079,7.82332731214059,-0.0016830116748808312
7.869999999999877,1.005095570054677,7.824254837076702,-0.0017713462829588337
7.879999999999876,1.0047382541313934,7.825190661310343,-0.0018584260940550247
7.889999999999876,1.0043827745630785,7.826134608160508,-0.0019442372798918162
7.899999999999876,1.0040292158008102,7.827086502133291,-0.002028766441345063
7.909999999999876,1.0036776610007616,7.8280461684930716,-0.0021120006561277773
7.919999999999876,1.0033281920130093,7.829013433596659,-0.0021939274311064145
7.929999999999875,1.002980889369726,7.829988124702903,-0.0022745347976683037
7.939999999999875,1.0026358322743736,7.830970070020723,-0.002353811264037932
7.949999999999875,1.0022930985914935,7.831959098804819,-0.0024317458152769453
7.959999999999875,1.0019527648368831,7.832955041403694,-0.002508327865600431
7.9699999999998745,1.0016149061677302,7.833957729116941,-0.002583547306060636
7.979999999999874,1.0012795963734198,7.834966994147892,-0.0026573945522306796
7.989999999999874,1.0009469078673496,7.835982669746998,-0.0027298604011534084
7.999999999999874,1.0006169116791637,7.837004590355205,-0.0028009361743925438
8.009999999999874,1.0002896774464705,7.838032591365857,-0.002870613670348964
8.019999999999873,0.9999652734075104,7.839066509077325,-0.0029388851165769907
8.029999999999873,0.9996437663950702,7.840106180931739,-0.0030057432174681034
8.039999999999873,0.999325221830069,7.841151445467609,-0.003071181106567224
8.049999999999873,0.9990097037155492,7.842202142272437,-0.0031351923942564324
8.059999999999873,0.998697274630673,7.843258111792283,-0.003197771167754967
8.069999999999872,0.9983879957271167,7.8443191957612,-0.0032589119434355083
8.079999999999872,0.9980819267239697,7.845385237010784,-0.0033186096668241798
8.089999999999872,0.9977791259034777,7.846456079422763,-0.0033768597602842625
8.099999999999872,0.9974796501067551,7.847531567738536,-0.0034336581230161958
8.109999999999872,0.9971835547322084,7.848611548036264,-0.0034890010356901455
8.119999999999871,0.9968908937317753,7.849695867445029,-0.003542885255813436
8.129999999999871,0.9966017196084057,7.850784374097395,-0.003595307970046834
8.139999999999871,0.996316083414291,7.851876917177333,-0.003646266841888264
8.14999999999987,0.9960340347504347,7.8529733472065555,-0.0036957599163053778
8.15999999999987,0.9957556217640035,7.854073515615589,-0.003743785667419269
8.16999999999987,0.995480891149042,7.8551772751254605,-0.0037903429985044735
8.17999999999987,0.9952098881447828,7.8562844793664395,-0.00383543124198897
8.18999999999987,0.9949426565368575,7.857394983164342,-0.0038790501594541792
8.19999999999987,0.9946792386571243,7.858508642349991,-0.003921199941634965
8.20999999999987,0.9944196753859302,7.859625314093183,-0.003961881160735916
8.21999999999987,0.9941640061525276,7.8607448566644536,-0.004001094818115066
8.229999999999869,0.9939122689360531,7.861867129244512,-0.004038842344283889
8.239999999999869,0.9936645002695854,7.862991992401237,-0.004075125503539869
8.249999999999869,0.9934207352410942,7.8641193077083615,-0.004109946489333936
8.259999999999868,0.9931810074967036,7.865248937840989,-0.004143307924270459
8.269999999999868,0.9929453492447754,7.866380746766459,-0.004175212764739819
8.279999999999868,0.9927137912587405,7.867514599553744,-0.00420566439628584
8.289999999999868,0.992486362880917,7.868650362325891,-0.004234666585922069
8.299999999999867,0.9922630920278976,7.869787902498543,-0.004262223434448069
8.309999999999867,0.9920440051936383,7.870927088398583,-0.004288339471816844
8.319999999999867,0.9918291274561857,7.872067789645691,-0.004313019561767405
8.329999999999867,0.9916184824829091,7.873209877104754,-0.004336268949508493
8.339999999999867,0.9914120925356752,7.87435322274289,-0.0043580932140348605
8.349999999999866,0.991209978477156,7.875497699677206,-0.004378498315810983
8.359999999999866,0.991012159777084,7.876643182127179,-0.00439749054908735
8.369999999999866,0.9908186545188197,7.877789545367024,-0.004415076589584175
8.379999999999866,0.9906294794081709,7.878936666107213,-0.0044312633991239695
8.389999999999866,0.9904446497787028,7.88008442201768,-0.004446058320998969
8.399999999999865,0.990264179600346,7.8812326919185836,-0.004459468984603704
8.409999999999865,0.9900880814878578,7.8823813558757045,-0.004471503400802435
8.419999999999865,0.9899163667087971,7.883530295105091,-0.0044821698665617115
8.429999999999865,0.9897490451924025,7.884679392020753,-0.004491477012634098
8.439999999999864,0.989586125537928,7.885828530091617,-0.004499433755874455
8.449999999999864,0.9894276150241008,7.8869775938892035,-0.0045060493469236485
8.459999999999864,0.9892735196193232,7.888126469230665,-0.004511333322524845
8.469999999999864,0.9891238439912847,7.889275043131085,-0.004515295553207217
8.479999999999864,0.9889785915175319,7.89042320389882,-0.00451794614791852
8.489999999999863,0.9888377642941044,7.891570840754,-0.004519295549392519
8.499999999999863,0.9887013631479299,7.892717844209962,-0.004519354438781557
8.509999999999863,0.9885693876466382,7.89386410583478,-0.0045181337833402726
8.519999999999863,0.9884418361105818,7.895009518441958,-0.004515644836425599
8.529999999999863,0.9883187056240452,7.896153976042684,-0.00451189908981305
8.539999999999862,0.9881999920462432,7.897297373702721,-0.004506908321380432
8.549999999999862,0.9880856900234487,7.8984396075900225,-0.004500684547424133
8.559999999999862,0.9879757930024122,7.8995805752607575,-0.004493240022659118
8.569999999999862,0.9878702932403511,7.900720175134721,-0.004484587287902648
8.579999999999862,0.9877691818201404,7.901858307067443,-0.004474739074706847
8.589999999999861,0.9876724486611748,7.90299487192096,-0.004463708353042418
8.599999999999861,0.9875800825328095,7.90412977165908,-0.004451508331298643
8.60999999999986,0.987492071067593,7.905262909347291,-0.004438152456283383
8.61999999999986,0.9874084007757775,7.906394189391076,-0.004423654365539364
8.62999999999986,0.9873290570572478,7.907523517154336,-0.004408027887344173
8.63999999999986,0.987254024216799,7.908650799293069,-0.004391287088393978
8.64999999999986,0.9871832854771,7.909775943516839,-0.004373446226119807
8.65999999999986,0.9871168229933076,7.910898858684025,-0.004354519748687556
8.66999999999986,0.9870546178676388,7.912019454849384,-0.004334522247314264
8.67999999999986,0.9869966501634473,7.913137643168563,-0.004313468551635552
8.68999999999986,0.9869428989195276,7.914253335802604,-0.004291373634338189
8.699999999999859,0.9868933421659879,7.915366446156234,-0.0042682526588438035
8.709999999999859,0.9868479569386476,7.916476888734683,-0.004244120931625175
8.719999999999859,0.986806719294385,7.917584579191231,-0.004218993949889945
8.729999999999858,0.9867696043264536,7.918689434327076,-0.004192887306213187
8.739999999999858,0.9867365861794792,7.919791371995828,-0.004165816783904837
8.749999999999858,0.9867076380652391,7.920890311151052,-0.004137798309325979
8.759999999999858,0.9866827322785623,7.92198617189381,-0.004108847904205129
8.769999999999857,0.986661840213308,7.923078875520202,-0.00407898173332195
8.779999999999857,0.9866449323771044,7.924168344235126,-0.004048216104507252
8.789999999999857,0.9866319784085663,7.925254501438224,-0.004016567468642994
8.799999999999857,0.986622947092693,7.926337271533013,-0.003984052324294849
8.809999999999857,0.9866178063782239,7.9274165802128325,-0.003950687313079638
8.819999999999856,0.986616523392638,7.928492354126916,-0.003916489171981615
8.829999999999856,0.9866190644597072,7.929564521166344,-0.0038814747333524645
8.839999999999856,0.9866253951145034,7.93063301008243,-0.003845660924911302
8.849999999999856,0.9866354801214751,7.931697750868041,-0.0038090647697446756
8.859999999999856,0.9866492834901912,7.9327586745190315,-0.003771703338622849
8.869999999999855,0.9866667684925967,7.933815713177148,-0.0037335937976835172
8.879999999999855,0.986687897678726,7.934868799843783,-0.0036947534084318077
8.889999999999855,0.9867126328953646,7.935917868856664,-0.003655199432372847
8.899999999999855,0.9867409353007914,7.936962855317506,-0.0036149492263791946
8.909999999999854,0.9867727653836615,7.938003695616387,-0.003574020195007124
8.919999999999854,0.9868080829789441,7.939040327145505,-0.0035324297904966253
8.929999999999854,0.9868468472851238,7.940072688346719,-0.0034901954650876895
8.939999999999854,0.9868890168808877,7.941100718616045,-0.003447334766387738
8.949999999999854,0.9869345497428978,7.94212435849425,-0.0034038652420041926
8.959999999999853,0.9869834032620635,7.943143549428297,-0.003359804487228191
8.969999999999853,0.9870355342618153,7.944158234104996,-0.0033151700973508714
8.979999999999853,0.987090899013942,7.945168356069404,-0.003269979667663371
8.989999999999853,0.9871494532566697,7.946173860010796,-0.0032242507934568273
8.999999999999853,0.9872111522109924,7.947174691524116,-0.003178001117706094
9.009999999999852,0.9872759505982964,7.948170797252903,-0.0031312482833860253
9.019999999999852,0.9873438026573549,7.949162124841485,-0.003084009885787758
9.029999999999852,0.9874146621615723,7.95014862298254,-0.003036303520202431
9.039999999999852,0.987488482435778,7.95113024132161,-0.0029881467819211803
9.049999999999851,0.9875652163733181,7.952106930456987,-0.002939557266235145
9.059999999999851,0.9876448164532793,7.953078641987279,-0.0028905525207517458
9.069999999999851,0.9877272347575153,7.954045328511304,-0.0028411500453946895
9.07999999999985,0.9878124229876197,7.955006943627981,-0.0027913672924039664
9.08999999999985,0.9879003324819798,7.955963441983909,-0.0027412217140195664
9.09999999999985,0.9879909142317703,7.95691477893948,-0.002690730714797764
9.10999999999985,0.988084118899143,7.957860911045619,-0.002639911651611118
9.11999999999985,0.9881798968330034,7.958801795662216,-0.002588781833648471
9.12999999999985,0.9882781980864174,7.959737391196457,-0.0025373584747312343
9.13999999999985,0.9883789724331463,7.9606676570550485,-0.002485658740997103
9.14999999999985,0.988482169383785,7.961592553453399,-0.0024336997509000566
9.15999999999985,0.9885877382029327,7.962512041653955,-0.002381498527526643
9.169999999999849,0.988695627925082,7.963426083727707,-0.0023290720462796942
9.179999999999849,0.9888057873716181,7.964334642792529,-0.0022764371871946106
9.189999999999849,0.9889181651664759,7.965237682727007,-0.002223610734939361
9.199999999999848,0.9890327097530354,7.966135168456473,-0.002170609378814483
9.209999999999848,0.9891493694097193,7.967027065714525,-0.002117449760436797
9.219999999999848,0.9892680922667043,7.967913341329063,-0.002064148378371977
9.229999999999848,0.9893888263211477,7.968793962888449,-0.0020107216358182657
9.239999999999847,0.9895115194533491,7.969668898884503,-0.001957185888290189
9.249999999999847,0.9896361194423657,7.97053811861709,-0.001903557348251126
9.259999999999847,0.9897625739820499,7.971401592384802,-0.0018498520851133082
9.269999999999847,0.9898908306962877,7.972259291341866,-0.0017960860729215353
9.279999999999847,0.9900208371540862,7.973111187307374,-0.0017422751903531754
9.289999999999846,0.9901525408856874,7.973957253194393,-0.0016884351730344495
9.299999999999846,0.9902858893971606,7.97479746267615,-0.0016345816612241462
9.309999999999846,0.9904208301856723,7.9756317902813745,-0.0015807301044461915
9.319999999999846,0.9905573107545494,7.976460211489632,-0.0015268958568570798
9.329999999999846,0.9906952786276438,7.9772827024452075,-0.0014730941772458732
9.339999999999845,0.9908346813643676,7.978099240147817,-0.0014193401336667713
9.349999999999845,0.9909754665742964,7.978909802500277,-0.0013656486511228255
9.359999999999845,0.9911175819315576,7.9797143683084935,-0.0013120345115659403
9.369999999999845,0.9912609751888277,7.980512917090718,-0.0012585123538968726
9.379999999999844,0.9914055941915902,7.981305429172909,-0.0012050966739652314
9.389999999999844,0.9915513868920035,7.98209188559336,-0.001151801824569479
9.399999999999844,0.9916983013630337,7.982872268341126,-0.0010986419677732138
9.409999999999844,0.9918462858117213,7.983646560022233,-0.0010456311225888872
9.419999999999844,0.9919952885929282,7.984414744050427,-0.0009927831649778026
9.429999999999843,0.9921452582228568,7.985176804790228,-0.0009401117801664008
9.439999999999843,0.9922961433919051,7.985932727223164,-0.0008876305103299745
9.449999999999843,0.9924478929779605,7.986682497186202,-0.0008353527069089535
9.459999999999843,0.9926004560591396,7.987426101228711,-0.00078329157829262
9.469999999999843,0.9927537819265301,7.988163526612493,-0.0007314600944516771
9.479999999999842,0.9929078200967363,7.988894761359483,-0.0006798711299893964
9.489999999999842,0.9930625203242576,7.989619794204094,-0.0006285373210904702
9.499999999999842,0.993217832613734,7.990338614688612,-0.0005774711608884433
9.509999999999842,0.9933737072319793,7.9910512131632325,-0.0005266849040982816
9.519999999999841,0.9935300947196317,7.991757580499985,-0.0004761906623838036
9.529999999999841,0.9936869459030195,7.992457708426559,-0.00042600035667396424
9.539999999999841,0.9938442119055503,7.993151589335608,-0.00037612571716285535
9.54999999999984,0.9940018441590259,7.993839216284788,-0.00032657828330970545
9.55999999999984,0.9941597944148042,7.994520583092167,-0.0002773694038388798
9.56999999999984,0.9943180147547032,7.995195684240905,-0.0002285102367398803
9.57999999999984,0.9944764576017513,7.995864514831611,-0.00018001170158362984
9.58999999999984,0.9946350757307243,7.996527070582399,-0.00013188457488990377
9.59999999999984,0.9947938222785687,7.997183348019665,-8.413939475989841e-05
9.60999999999984,0.9949526507545344,7.997833344382776,-3.6786556243662584e-05
9.61999999999984,0.9951115150501838,7.998477057433383,1.0163784027333986e-05
9.62999999999984,0.9952703694492016,7.999114485741584,5.670170784020067e-05
9.639999999999839,0.9954291686369581,7.999745628304508,0.0001028174400331943
9.649999999999839,0.995587867709937,8.000370484832468,0.00014850144386315082
9.659999999999838,0.9957464221849294,8.000989055701346,0.00019374437332176945
9.669999999999838,0.9959047880080428,8.001601341952645,0.00023853707313561267
9.679999999999838,0.9960629215635614,8.0022073451505,0.0002828706264498221
9.689999999999838,0.9962207796824921,8.002807067620159,0.00032673630714440263
9.699999999999838,0.996378319651042,8.003400512209627,0.00037012562751793823
9.709999999999837,0.9965354992187995,8.003987682337408,0.0004130302906038762
9.719999999999837,0.9966922766067444,8.004568581992576,0.000455442190170527
9.729999999999837,0.9968486105150518,8.005143215782518,0.0004973534584047805
9.739999999999837,0.9970044601307043,8.005711588885315,0.0005387564182283894
9.749999999999837,0.9971597851348787,8.006273707097497,0.0005796436309816858
9.759999999999836,0.9973145457101482,8.006829576786414,0.000620007848739865
9.769999999999836,0.9974687025475099,8.007379204842628,0.0006598420619967014
9.779999999999836,0.9976222168531889,8.007922598632293,0.0006991394519808327
9.789999999999836,0.9977750503551664,8.008459766092583,0.00073789339065576
9.799999999999836,0.9979271653094743,8.00899071587482,0.0007760974884035632
9.809999999999835,0.9980785245065696,8.009515457058427,0.0008137455940249015
9.819999999999835,0.9982290912770969,8.010033999389421,0.0008508317470552974
9.829999999999835,0.9983788294979579,8.010546352899002,0.0008873501777651368
9.839999999999835,0.9985277035976191,8.011052528237414,0.0009232953548433843
9.849999999999834,0.998675678561581,8.011552536530951,0.0009586619377138681
9.859999999999834,0.9988227199374092,8.012046389525077,0.0009934448242189956
9.869999999999834,0.9989687938398949,8.012534099346071,0.001027639102936037
9.879999999999834,0.9991138669557216,8.01301567859646,0.0010612400531771263
9.889999999999834,0.9992579065479847,8.013491140402765,0.0010942431926729763
9.899999999999833,0.999400880460424,8.013960498510931,0.001126644277572879
9.909999999999833,0.9995427571217873,8.014423767047974,0.0011584392547609897
9.919999999999833,0.9996835055497677,8.014880960522037,0.001189624261856327
9.929999999999833,0.9998230953546411,8.015332093917822,0.0012201956272127727
9.939999999999833,0.9999614967428834,8.015777182648966,0.001250149917602788
9.949999999999832,1.000098680520265,8.016216242748834,0.0012794839382174123
9.959999999999832,1.0002346180951807,8.016649290679842,0.0013081946372988337
9.969999999999832,1.000369281481864,8.017076343142778,0.0013362792015078186
9.979999999999832,1.0005026433026294,8.01749741745833,0.0013637350559237125
9.989999999999831,1.0006346767906193,8.017912531376405,0.001390559768677009
9.999999999999831,1.0007653557924379,8.018321702885448,0.0014167511463167798
10.009999999999831,1.0008946547699635,8.018724950450911,0.001442307186126961
10.01999999999983,1.0010225488022981,8.01912229301531,0.001467226076126351
10.02999999999983,1.0011490135876708,8.019513749902897,0.0014915061950686122
10.03999999999983,1.0012740254448134,8.019899340962773,0.0015151461601259856
10.04999999999983,1.0013975613148842,8.020279086187454,0.00153814473152186
10.05999999999983,1.0015195987622652,8.020653005999028,0.0015605009078982033
10.06999999999983,1.0016401159755457,8.021021121249195,0.0015822138309481305
10.07999999999983,1.0017590917683712,8.02138345321931,0.001603282880783336
10.08999999999983,1.0018765055802894,8.021740023477374,0.0016237076282503773
10.09999999999983,1.0019923374768822,8.022090854068816,0.0016434878349306757
10.109999999999829,1.0021065681504033,8.022435967278103,0.0016626234054567992
10.119999999999829,1.002219178919741,8.022775385724147,0.0016811144828798954
10.129999999999828,1.0023301517301437,8.023109132455716,0.0016989613533022591
10.139999999999828,1.002439469153124,8.023437230856093,0.0017161645412447643
10.149999999999828,1.0025471143861377,8.023759704547743,0.0017327247142794328
10.159999999999828,1.0026530712518027,8.024076577487714,0.0017486426830294333
10.169999999999828,1.0027573241969707,8.024387874063033,0.0017639194965365138
10.179999999999827,1.0028598582922372,8.02469361880463,0.00177855634689357
10.189999999999827,1.0029606592302263,8.024993836721155,0.0017925546169283604
10.199999999999827,1.0030597133246115,8.025288553108263,0.0018059158802035073
10.209999999999827,1.0031570075087062,8.025577793500958,0.0018186418533327803
10.219999999999827,1.003252529333829,8.02586158367361,0.001830734395981096
10.229999999999826,1.0033462669674442,8.026139949687666,0.0018421955585482353
10.239999999999826,1.003438209191027,8.02641291798703,0.0018530275821688413
10.249999999999826,1.0035283453980046,8.026680515350398,0.001863232851028705
10.259999999999826,1.00361666559165,8.026942768795909,0.001872813892364765
10.269999999999825,1.0037031603830193,8.027199705390423,0.0018817733764651073
10.279999999999825,1.0037878209877698,8.027451352583316,0.001890114164352681
10.289999999999825,1.0038706392235026,8.027697738158814,0.0018978392601015828
10.299999999999825,1.00395160750724,8.027938890045261,0.0019049518108370568
10.309999999999825,1.0040307188521331,8.028174836458184,0.0019114551544192105
10.319999999999824,1.0041079668640707,8.028405605995665,0.0019173527240755831
10.329999999999824,1.004183345739201,8.028631227209189,0.0019226480960848609
10.339999999999824,1.0042568502594897,8.028851729128174,0.0019273450374605937
10.349999999999824,1.0043284757900102,8.029067140783136,0.0019314474105837632
10.359999999999824,1.004398218274586,8.02927749153947,0.0019349592208864979
10.369999999999823,1.0044660742321194,8.02948281100209,0.0019378846168520746
10.379999999999823,1.0045320407524099,8.029683129110792,0.001940227890014917
10.389999999999823,1.004596115492576,8.029878475854145,0.001941993474960596
10.399999999999823,1.0046582966726902,8.030068881317177,0.001943185901642115
10.409999999999823,1.0047185830709509,8.030254375919782,0.0019438098430636242
10.419999999999822,1.0047769740196388,8.030434990178296,0.0019438700675967057
10.429999999999822,1.0048334694002425,8.030610754848546,0.001943371486664089
10.439999999999822,1.0048880696387197,8.030781700925832,0.0019423191547396509
10.449999999999822,1.0049407757008986,8.030947859501874,0.0019407182216647002
10.459999999999821,1.0049915890875076,8.031109261764792,0.001938573932647977
10.469999999999821,1.0050405118288341,8.031265939142152,0.001935891675949369
10.479999999999821,1.0050875464797993,8.031417923157901,0.0019326769351961958
10.48999999999982,1.0051326961144764,8.031565245527714,0.001928935289383208
10.49999999999982,1.0051759643207026,8.031707938158984,0.0019246724128725884
10.50999999999982,1.0052173551947794,8.031846033055437,0.0019198940753939512
10.51999999999982,1.005256873335622,8.031979562460165,0.001914606189728058
10.52999999999982,1.0052945238395918,8.032108558569506,0.0019088147163393867
10.53999999999982,1.0053303122940944,8.032233053866811,0.0019025257110598462
10.54999999999982,1.0053642447721787,8.032353080884006,0.001895745372772493
10.55999999999982,1.0053963278263585,8.03246867229694,0.0018884799480441
10.569999999999819,1.005426568482659,8.032579860877679,0.001880735778808871
10.579999999999819,1.005454974234391,8.032686679542167,0.001872519254684726
10.589999999999819,1.0054815530357866,8.03278916144557,0.0018638369083407323
10.599999999999818,1.005506313296302,8.032887339648475,0.0018546952724459572
10.609999999999818,1.0055292638738444,8.032981247355272,0.001845101022720616
10.619999999999818,1.0055504140683076,8.03307091791414,0.001835060882568639
10.629999999999818,1.0055697736153228,8.033156384673966,0.0018245816707613885
10.639999999999818,1.0055873526794767,8.033237681079692,0.001813670206070227
10.649999999999817,1.0056031618474432,8.033314840815335,0.001802333450317664
10.659999999999817,1.0056172121220157,8.03338789737481,0.0017905783653262093
10.669999999999817,1.005629514914494,8.033456884538744,0.0017784120082858044
10.679999999999817,1.0056400820382747,8.033521836136025,0.0017658414840701067
10.689999999999817,1.005648925701959,8.03358278604378,0.001752873945236489
10.699999999999816,1.005656058502415,8.033639768187347,0.0017395165920260401
10.709999999999816,1.0056614934178756,8.033692816492561,0.0017257767200472807
10.719999999999816,1.0056652438005262,8.033741965076466,0.0017116616249087315
10.729999999999816,1.0056673233700035,8.033787247913496,0.0016971786499026284
10.739999999999815,1.00566774620561,8.033828699216924,0.0016823351860049238
10.749999999999815,1.00566652673963,8.033866353152725,0.0016671386718752855
10.759999999999815,1.0056636797499428,8.03390024393492,0.0016515965938570976
10.769999999999815,1.0056592203528307,8.033930405777864,0.0016357164382937435
10.779999999999815,1.0056531639957849,8.033956872848535,0.0016195057392123231
10.789999999999814,1.0056455264497168,8.033979679552605,0.0016029720783236516
10.799999999999814,1.005636323802138,8.033998860200633,0.0015861230373385446
10.809999999999814,1.0056255724496337,8.034014449103397,0.0015689661979678175
10.819999999999814,1.0056132890903429,8.034026480667244,0.0015515092372897174
10.829999999999814,1.00559949071672,8.034034989251001,0.0015337597846987753
10.839999999999813,1.0055841946081137,8.034040009165958,0.0015157255172732387
10.849999999999813,1.0055674183229355,8.034041574914252,0.0014974141120913543
10.859999999999813,1.0055491796917024,8.034039720855061,0.0014788332939150851
10.869999999999813,1.005529496809302,8.034034481347625,0.001459990787506394
10.879999999999812,1.0055083880275455,8.034025890703541,0.0014408942699435283
10.889999999999812,1.0054858719474873,8.034013983329782,0.0014215515136721665
10.899999999999812,1.0054619674120688,8.033998793585628,0.0014019702434542715
10.909999999999812,1.0054366934985297,8.033980355830321,0.0013821581840518062
10.919999999999812,1.0054100695108859,8.033958704423043,0.0013621230602267333
10.929999999999811,1.0053821149724083,8.033933873722889,0.001341872596741016
10.939999999999811,1.0053528496183557,8.033905897898114,0.001321414518356617
10.949999999999811,1.0053222933881238,8.033874811164525,0.0013007565021517836
10.95999999999981,1.0052904664176456,8.033840647880826,0.0012799062728884784
10.96999999999981,1.0052573890322405,8.033803442262496,0.0012588715076449486
10.97999999999981,1.0052230817391838,8.033763228334083,0.0012376598834994413
10.98999999999981,1.00518756521986,8.033720040215286,0.0012162790775302034
10.99999999999981,1.0051508603225752,8.033673911882518,0.0011947367191317664
11.00999999999981,1.005112988054825,8.033624877407302,0.0011730404376986614
11.01999999999981,1.005073969576032,8.0335729708132,0.0011511978149417038
11.02999999999981,1.0050338261902025,8.033518226028114,0.001129216432571709
11.039999999999809,1.0049925793384744,8.033460676931954,0.0011071038246157768
11.049999999999809,1.0049502505919226,8.033400357213562,0.0010848675251010067
11.059999999999809,1.0049068616438355,8.03333730070449,0.0010625150203707825
11.069999999999808,1.0048624343029273,8.033271540902142,0.0010400537490847723
11.079999999999808,1.0048169904855118,8.033203111494277,0.0010174911499026438
11.089999999999808,1.004770552208595,8.03313204602522,0.0009948346138003493
11.099999999999808,1.0047231415825577,8.0330583779912,0.0009720914840701251
11.109999999999808,1.0046747808039833,8.032982140840348,0.0009492690563204918
11.119999999999807,1.004625492148623,8.032903367877314,0.000926374578476254
11.129999999999807,1.004575297964265,8.032822092310935,0.0009034152984622164
11.139999999999807,1.0045242206636495,8.03273834725423,0.000880398368835752
11.149999999999807,1.0044722827173933,8.032652165819755,0.0008573309421542339
11.159999999999807,1.004419506647166,8.032563580928851,0.0008342200756076035
11.169999999999806,1.0043659150186237,8.03247262550238,0.0008110728263858022
11.179999999999806,1.0043115304345913,8.032379332365347,0.0007878961563113397
11.189999999999806,1.0042563755282523,8.032283734246882,0.0007646970272067259
11.199999999999806,1.0042004729564118,8.032185863684878,0.0007414823055270388
11.209999999999805,1.0041438453925944,8.0320857532644,0.0007182588100436408
11.219999999999805,1.0040865155205876,8.03198343533157,0.0006950333118441784
11.229999999999805,1.004028506027639,8.031878942231987,0.0006718124866488663
11.239999999999805,1.0039698395980572,8.031772306119988,0.0006486030101779195
11.249999999999805,1.0039105389065457,8.031663559149374,0.0006254114627841211
11.259999999999804,1.0038506266118565,8.031552733330356,0.0006022443771365385
11.269999999999804,1.0037901253504187,8.031439860481877,0.0005791081905368075
11.279999999999804,1.0037290577299436,8.031324972374648,0.000556009292602848
11.289999999999804,1.0036674463231967,8.031208100683475,0.0005329539775851482
11.299999999999804,1.003605313661882,8.031089276891882,0.0005099485397341965
11.309999999999803,1.0035426822304443,8.030968532339799,0.00048699913024933373
11.319999999999803,1.003479574459991,8.03084589831893,0.0004641118526461848
11.329999999999803,1.0034160127223137,8.03072140607275,0.00044129276275665886
11.339999999999803,1.0033520193240615,8.030595086558094,0.00041854782104523355
11.349999999999802,1.0032876165007432,8.030466970778937,0.0003958829402926705
11.359999999999802,1.0032228264110732,8.030337089452619,0.00037330393791229987
11.369999999999802,1.0031576711311638,8.030205473248262,0.00035081658363373585
11.379999999999802,1.0030921726489037,8.030072152691409,0.0003284265041354453
11.389999999999802,1.0030263528584185,8.029937158211704,0.00030613932609589495
11.399999999999801,1.0029602335545953,8.029800519999858,0.0002839605331424042
11.409999999999801,1.002893836427638,8.029662268198381,0.0002618955612185765
11.419999999999801,1.0028271830577977,8.02952243266317,0.00023994975090058378
11.4299999999998,1.0027602949100614,8.029381043201933,0.00021812839508088207
11.4399999999998,1.002693193328979,8.029238129478832,0.00019643664360077998
11.4499999999998,1.0026258995336057,8.029093721014487,0.00017487959861787027
11.4599999999998,1.0025584346124694,8.028947847281348,0.0001534623146060299
11.4699999999998,1.0024908195186408,8.028800537512973,0.00013218970298798836
11.4799999999998,1.0024230750648864,8.028651820799404,0.00011106662750275932
11.4899999999998,1.0023552219188914,8.028501726039483,9.009785652192481e-05
11.4999999999998,1.0022872805985608,8.028350282036241,6.928806304963522e-05
11.509999999999799,1.0022192714674323,8.02819751740153,4.864182472260931e-05
11.519999999999799,1.002151214730164,8.028043460699088,2.8163671493849993e-05
11.529999999999799,1.0020831304280922,8.027888140158444,7.857990265212749e-06
11.539999999999798,1.0020150384348987,8.027731584056397,-1.2270879745162775e-05
11.549999999999798,1.0019469584523495,8.027573820383248,-3.221869468656857e-05
11.559999999999798,1.0018789100061103,8.027414876938167,-5.1981306075728276e-05
11.569999999999798,1.00181091244167,8.027254781519947,-7.155466079679716e-05
11.579999999999798,1.0017429849203303,8.02709356154554,-9.093480110136215e-05
11.589999999999797,1.001675146415319,8.026931244336174,-0.00011011786460844177
11.599999999999797,1.0016074157080042,8.026767857260415,-0.00012910003662077043
11.609999999999797,1.0015398113840839,8.02660342725734,-0.00014787764549222993
11.619999999999797,1.0014723518300082,8.026437981218017,-0.00016644706726041795
11.629999999999797,1.0014050552293878,8.02627154584247,-0.00018480477333036378
11.639999999999796,1.0013379395595035,8.026104147592005,-0.00020294737815824417
11.649999999999796,1.001271022588,8.025935812879956,-0.00022087154388395174
11.659999999999796,1.001204321869567,8.025766567928647,-0.00023857402801481066
11.669999999999796,1.001137854742737,8.025596438769405,-0.0002560516834255768
11.679999999999795,1.0010716383268001,8.025425451337938,-0.0002733014583584377
11.689999999999795,1.0010056895187682,8.02525363137898,-0.0002903203964230124
11.699999999999795,1.0009400249904241,8.02508100435094,-0.0003071056365963518
11.709999999999795,1.0008746611855177,8.024907595521274,-0.0003236544132229383
11.719999999999795,1.0008096143170606,8.024733430061875,-0.0003399640560146859
11.729999999999794,1.000744900364641,8.024558532906024,-0.0003560319423672245
11.739999999999794,1.0006805350718921,8.024382928939144,-0.00037185559272733145
11.749999999999794,1.0006165339439568,8.02420664276039,-0.00038743262290921574
11.759999999999794,1.0005529122451746,8.024029698825716,-0.00040276069641080223
11.769999999999794,1.000489684996732,8.023852121352515,-0.00041783761978116314
11.779999999999793,1.0004268669745233,8.023673934415006,-0.00043266124725308653
11.789999999999793,1.0003644727070464,8.023495161991919,-0.0004472295284267921
11.799999999999793,1.0003025164732648,8.0233158277281,-0.00046154055595364714
11.809999999999793,1.000241012300839,8.023135955220614,-0.00047559247016873456
11.819999999999792,1.0001799739641708,8.022955567780349,-0.0004893835067745691
11.829999999999792,1.0001194149827393,8.022774688622752,-0.000502911996841097
11.839999999999792,1.000059348619347,8.022593340677114,-0.0005161763668056961
11.849999999999792,0.9999997878787219,8.022411546920363,-0.0005291750907894603
11.859999999999792,0.9999407455057537,8.022229329900238,-0.0005419067859646307
11.869999999999791,0.9998822339842598,8.022046712021401,-0.0005543701171871645
11.879999999999791,0.9998242655357062,8.021863715640823,-0.000566563892364166
11.889999999999791,0.9997668521179668,8.021680362972413,-0.0005784869670864556
11.89999999999979,0.9997100054240402,8.021496675848624,-0.0005901382923122853
11.90999999999979,0.9996537368811039,8.02131267591119,-0.0006015169143673385
11.91999999999979,0.9995980576496126,8.021128384706504,-0.0006126219749447307
11.92999999999979,0.9995429786223489,8.020943823542577,-0.0006234526634212928
11.93999999999979,0.9994885104236629,8.020759013584419,-0.0006340083122250033
11.94999999999979,0.9994346634087363,8.020573975758673,-0.0006442883014675566
11.95999999999979,0.9993814476630415,8.020388730896682,-0.0006542921066280785
11.96999999999979,0.9993288730017142,8.020203299591442,-0.0006640192508694111
11.979999999999789,0.9992769489690625,8.020017702197613,-0.0006734694004055435
11.989999999999789,0.9992256848382792,8.019831958926893,-0.0006826422691341807
11.999999999999789,0.9991750896111091,8.019646089800347,-0.0006915376663204595
12.009999999999788,0.9991251720176725,8.019460114696086,-0.0007001554489132325
12.019999999999788,0.9990759405162712,8.019274053301606,-0.0007084955692287838
12.029999999999788,0.9990274032932537,8.019087925018418,-0.0007165580749508292
12.039999999999788,0.9989795682632425,8.018901749248162,-0.0007243431091305163
12.049999999999788,0.9989324430690173,8.01871554505882,-0.0007318508625027082
12.059999999999787,0.9988860350817823,8.018529331327782,-0.0007390816211696999
12.069999999999787,0.9988403514014269,8.018343126741849,-0.000746035766601218
12.079999999999787,0.9987953988569865,8.018156949940288,-0.0007527137279507048
12.089999999999787,0.9987511840067955,8.017970819181052,-0.0007591160297390345
12.099999999999786,0.9987077131392319,8.017784752674572,-0.0007652432441707967
12.109999999999786,0.9986649922730796,8.017598768345344,-0.0007710960388180131
12.119999999999786,0.998623027158273,8.017412883974982,-0.0007766751289364209
12.129999999999786,0.9985818232765439,8.017227117154539,-0.000781981325149189
12.139999999999786,0.9985413858421983,8.017041485284514,-0.000787015533446918
12.149999999999785,0.9985017198029499,8.016856005527169,-0.0007917787075039244
12.159999999999785,0.9984628298409122,8.016670694901897,-0.0007962718486782404
12.169999999999785,0.9984247203736025,8.016485570332918,-0.0008004960536953298
12.179999999999785,0.9983873955548112,8.016300648410853,-0.0008044524669643723
12.189999999999785,0.9983508592758971,8.016115945631151,-0.0008081423282619793
12.199999999999784,0.998315115166835,8.015931478203353,-0.0008115668773647621
12.209999999999784,0.9982801665976078,8.015747262289514,-0.0008147274971004794
12.219999999999784,0.9982460166793934,8.015563313813471,-0.0008176256179806059
12.229999999999784,0.9982126682660302,8.01537964855621,-0.000820262718200332
12.239999999999783,0.998180123955374,8.015196282060502,-0.000822640323638564
12.249999999999783,0.9981483860908589,8.015013229726266,-0.0008247600078579238
12.259999999999783,0.998117456762908,8.014830506667522,-0.0008266234397884654
12.269999999999783,0.998087337810675,8.014648127855445,-0.0008282323360439581
12.279999999999783,0.9980580308236752,8.014466108070675,-0.0008295885086056032
12.289999999999782,0.998029537143549,8.014284461903323,-0.0008306937694546018
12.299999999999782,0.9980018578658275,8.014103203752967,-0.0008315500259395867
12.309999999999782,0.9979749938418301,8.013922347876335,-0.0008321592330929065
12.319999999999782,0.9979489456804909,8.013741908291937,-0.0008325233936306258
12.329999999999782,0.9979237137504702,8.013561898970801,-0.0008326445579525247
12.339999999999781,0.9978992981819165,8.013382333550366,-0.0008325248241420995
12.349999999999781,0.9978756988687513,8.013203225620583,-0.0008321663379665619
12.359999999999781,0.9978529154705652,8.013024588485496,-0.0008315713405605556
12.36999999999978,0.997830947414885,8.012846435258611,-0.0008307420730587241
12.37999999999978,0.9978097938994811,8.012668779005935,-0.0008296808242794268
12.38999999999978,0.9977894538943655,8.012491632459879,-0.0008283899307247388
12.39999999999978,0.9977699261442722,8.012315008257675,-0.0008268718242641671
12.40999999999978,0.9977512091709546,8.012138918845999,-0.0008251289367672184
12.41999999999978,0.9977333012756021,8.011963376528657,-0.0008231637477871155
12.42999999999978,0.9977162005411064,8.011788393275845,-0.0008209787845607966
12.43999999999978,0.997699904834808,8.011613981057934,-0.0008185765743252005
12.449999999999779,0.9976844118108101,8.01144015165473,-0.0008159597396846971
12.459999999999779,0.9976697189124277,8.011266916512415,-0.0008131309509273723
12.469999999999779,0.9976558233750722,8.01109428707734,-0.0008100928783413123
12.479999999999778,0.99764272222867,8.01092227455759,-0.0008068482398983188
12.489999999999778,0.9976304123003611,8.010750889970673,-0.0008033997535701933
12.499999999999778,0.9976188902171595,8.010580144143512,-0.0007997502326961694
12.509999999999778,0.9976081524087842,8.010410047807808,-0.0007959024906154804
12.519999999999778,0.9975981951102222,8.010240611361617,-0.0007918593883510757
12.529999999999777,0.9975890143647967,8.010071845203136,-0.0007876237869259043
12.539999999999777,0.9975806060267789,8.009903759492271,-0.0007831985950466314
12.549999999999777,0.9975729657643122,8.00973636424601,-0.0007785867691036377
12.559999999999777,0.9975660890622337,8.009569669243042,-0.0007737913131710201
12.569999999999776,0.9975599712252393,8.009403684309861,-0.0007688151836391593
12.579999999999776,0.9975546073803742,8.009238418796237,-0.0007636614322658679
12.589999999999776,0.9975499924803913,8.009073882052046,-0.0007583331108089582
12.599999999999776,0.9975461213065954,8.008910083236538,-0.0007528332710262429
12.609999999999776,0.9975429884718695,8.008747031366006,-0.0007471650123592502
12.619999999999775,0.9975405884237488,8.008584735361474,-0.0007413314342495086
12.629999999999775,0.9975389154472801,8.008423203810265,-0.000735335683822262
12.639999999999775,0.9975379636682858,8.008262445204421,-0.0007291809082027547
12.649999999999775,0.9975377270564482,8.008102467940693,-0.0007228702545162308
12.659999999999775,0.9975381994282898,8.00794328017749,-0.0007164069175716503
12.669999999999774,0.9975393744503769,8.007784889930232,-0.000709794139861689
12.679999999999774,0.9975412456424979,8.007627305071358,-0.0007030351161953067
12.689999999999774,0.9975438063807297,8.007470533234944,-0.0006961330890651793
12.699999999999774,0.9975470499007189,8.007314581959749,-0.0006890913009639825
12.709999999999773,0.9975509693009265,8.007159458784583,-0.0006819129943843922
12.719999999999773,0.9975555575455126,8.007005170819147,-0.0006746014595028
12.729999999999773,0.9975608074678916,8.006851725220857,-0.0006671599388118816
12.739999999999773,0.9975667117737174,8.00669912890875,-0.0006595917224880286
12.749999999999773,0.9975732630441451,8.00654738861115,-0.0006519001007076326
12.759999999999772,0.9975804537391221,8.006396510961041,-0.0006440883636470853
12.769999999999772,0.9975882762005227,8.006246502353005,-0.000636159849166494
12.779999999999772,0.997596722655547,8.006097369133952,-0.0006281178474422505
12.789999999999772,0.9976057852198871,8.005949117507752,-0.000619965696334462
12.799999999999772,0.9976154559010023,8.005801753535223,-0.0006117066860195201
12.809999999999771,0.9976257266012316,8.005655282943401,-0.0006033441543575323
12.819999999999771,0.9976365891213042,8.005509711506997,-0.0005948813915248902
12.829999999999771,0.9976480351634502,8.005365044857664,-0.0005863217353817013
12.83999999999977,0.9976600563346772,8.005221288483984,-0.000577668476104357
12.84999999999977,0.9976726441498892,8.005078447540738,-0.000568924951552965
12.85999999999977,0.9976857900353849,8.004936527230369,-0.0005600944519039167
12.86999999999977,0.9976994853319493,8.004795532564554,-0.0005511802673336037
12.87999999999977,0.9977137212980584,8.004655468316525,-0.0005421857357021335
12.88999999999977,0.9977284891132101,8.004516339116423,-0.0005331141471858977
12.89999999999977,0.9977437798812059,8.00437814954667,-0.0005239687442775721
12.90999999999977,0.9977595846332812,8.00424090404659,-0.0005147528171535482
12.919999999999769,0.9977758943313113,8.00410460686473,-0.0005054696559902177
12.929999999999769,0.997792699871116,8.003969262201903,-0.0004961225032802563
12.939999999999769,0.9978099920855694,8.00383487406813,-0.00048671460151633985
12.949999999999768,0.9978277617477855,8.003701446282644,-0.0004772491931911441
12.959999999999768,0.9978459995743492,8.00356898256925,-0.0004677295207973448
12.969999999999768,0.9978646962284987,8.003437486556322,-0.0004581588268276178
12.979999999999768,0.9978838423232873,8.003306961729118,-0.000448540306090923
12.989999999999768,0.9979034284247632,8.003177411525142,-0.00043887710571250457
12.999999999999767,0.9979234450549322,8.003048839048041,-0.00042917242050132247
13.009999999999767,0.9979438826950651,8.002921247449073,-0.0004194293975826208
13.019999999999767,0.9979647317886825,8.002794639688684,-0.00040965118408164383
13.029999999999767,0.997985982744648,8.002669018536503,-0.00039984092712363556
13.039999999999766,0.9980076259402796,8.002544386619032,-0.00039000172615012436
13.049999999999766,0.9980296517244683,8.002420746610369,-0.0003801366329189227
13.059999999999766,0.9980520504205801,8.002298100993794,-0.00037024869918784314
13.069999999999766,0.9980748123294548,8.002176452061766,-0.00036034097671469817
13.079999999999766,0.9980979277324057,8.002055801915917,-0.00035041651725730024
13.089999999999765,0.9981213868943017,8.001936152705474,-0.0003404783248897461
13.099999999999765,0.998145180066449,8.001817506436522,-0.00033052935600241654
13.109999999999765,0.9981692974894786,8.001699864924316,-0.0003205725669856925
13.119999999999765,0.9981937293962833,8.001583229888649,-0.0003106109142299547
13.129999999999765,0.998218466014906,8.001467602906168,-0.0003006473064418683
13.139999999999764,0.9982434975713975,8.001352985410373,-0.0002906846046443825
13.149999999999764,0.9982688142926684,8.001239378834663,-0.0002807256698604465
13.159999999999764,0.9982944064092565,8.00112678446929,-0.0002707733154292937
13.169999999999764,0.9983202641580774,8.001015203413674,-0.00026083035469015754
13.179999999999763,0.998346377785228,8.000904636719447,-0.00025089955329855553
13.189999999999763,0.9983727375486647,8.00079508524741,-0.00024098367691000527
13.199999999999763,0.9983993337209344,8.000686549715208,-0.00023108544349630854
13.209999999999763,0.9984261565918884,8.000579030888078,-0.00022120752334555126
13.219999999999763,0.9984531964712486,8.000472529340412,-0.00021135258674581938
13.229999999999762,0.998480443691263,8.000367045598821,-0.000201523256301483
13.239999999999762,0.9985078886092504,8.000262579999085,-0.00019172215461691223
13.249999999999762,0.998535521610189,8.000159132733828,-0.00018195185661276138
13.259999999999762,0.9985633331092633,8.000056703947891,-0.00017221488952596893
13.269999999999762,0.9985913135543532,7.999955293786017,-0.00016251378059347336
13.279999999999761,0.9986194534284824,7.999854902202116,-0.0001528509616847815
13.289999999999761,0.9986477432522168,7.999755529006947,-0.000143228912353116
13.299999999999761,0.998676173586122,7.999657174011173,-0.0001336500167842679
13.30999999999976,0.998704735033076,7.999559836834624,-0.0001241166591640282
13.31999999999976,0.9987334182406318,7.999463517049354,-0.00011463117599447208
13.32999999999976,0.9987622139032998,7.999368214084268,-0.00010519585609395893
13.33999999999976,0.9987911127648124,7.999273927368179,-9.581298828084813e-05
13.34999999999976,0.998820105620346,7.999180656091389,-8.648481368978323e-05
13.35999999999976,0.9988491833187514,7.999088399491793,-7.721352577169195e-05
13.36999999999976,0.9988783367646817,7.998997156568777,-6.800127029378623e-05
13.37999999999976,0.9989075569207269,7.998906926417006,-5.8850193023277965e-05
13.389999999999759,0.9989368348094957,7.998817707892641,-4.9762392043663255e-05
13.399999999999759,0.9989661615156904,7.998729499804074,-4.0739917754722374e-05
13.409999999999759,0.9989955281881153,7.9986423008165595,-3.178477287251977e-05
13.419999999999758,0.9990249260416493,7.998556109595273,-2.2898960113119904e-05
13.429999999999758,0.9990543463592071,7.998470924662258,-1.4084434508871406e-05
13.439999999999758,0.9990837804936609,7.998386744396428,-5.343103408407086e-06
13.449999999999758,0.9991132198697156,7.998303567224303,3.3231735233560626e-06
13.459999999999757,0.9991426559857327,7.998221391381595,1.1912536621501045e-05
13.469999999999757,0.9991720804155554,7.998140215199309,2.0423221588542512e-05
13.479999999999757,0.9992014848102446,7.998060036722278,2.8853464126995113e-05
13.489999999999757,0.9992308608998095,7.997980853947583,3.7201547623089316e-05
13.499999999999757,0.9992602004948887,7.99790266491992,4.546580314677141e-05
13.509999999999756,0.9992894954883947,7.997825467540871,5.36446094517035e-05
13.519999999999756,0.9993187378571046,7.997749259616587,6.173634529154771e-05
13.529999999999756,0.9993479196632549,7.997674038810108,6.973943710368195e-05
13.539999999999756,0.9993770330560819,7.997599802736732,7.765235900919998e-05
13.549999999999756,0.9994060702733117,7.997526549059386,8.547363281291137e-05
13.559999999999755,0.9994350236426242,7.99745427529789,9.32018280033415e-05
13.569999999999755,0.9994638855830505,7.997382978924329,0.0001008355617527316
13.579999999999755,0.9994926486063448,7.997312657220006,0.00010837345123332288
13.589999999999755,0.999521305318328,7.9972433074184925,0.00011581416130107237
13.599999999999755,0.9995498484201983,7.99717492670563,0.0001231564044956529
13.609999999999754,0.9995782707097947,7.997107512219535,0.00013039894104045316
13.619999999999754,0.9996065650828001,7.997041061145968,0.00013754057884257764
13.629999999999754,0.9996347245339555,7.996975570384548,0.00014458012580913083
13.639999999999754,0.9996627421581791,7.9969110369302285,0.00015151648521464885
13.649999999999753,0.9996906111516535,7.996847457777927,0.00015834856033366786
13.659999999999753,0.9997183248129388,7.996784829684113,0.0001650753021244398
13.669999999999753,0.9997458765439735,7.996723149357543,0.00017169570922893242
13.679999999999753,0.9997732598510655,7.9966624134115785,0.00017820878028911353
13.689999999999753,0.9998004683458405,7.996602618554927,0.00018461360931438253
13.699999999999752,0.9998274957461812,7.996543761305537,0.00019090929031413884
13.709999999999752,0.999854335877073,7.996485838229021,0.00019709496498149768
13.719999999999752,0.9998809826714808,7.996428845747924,0.00020316982269329013
13.729999999999752,0.999907430171108,7.996372780332458,0.00020913310051006305
13.739999999999752,0.9999336725271816,7.996317638309772,0.00021498408317607913
13.749999999999751,0.9999597040011458,7.996263415911633,0.00022072205543560106
13.759999999999751,0.9999855189653319,7.996210109417487,0.00022634634971660736
13.76999999999975,1.000011111903676,7.996157714868353,0.0002318563461307924
13.77999999999975,1.0000364774122414,7.996106228448294,0.00023725147247356628
13.78999999999975,1.0000616101998439,7.996055646198322,0.000242531204224055
13.79999999999975,1.0000865050885321,7.996005964159445,0.00024769501686138455
13.80999999999975,1.0001111570141135,7.99595717832499,0.0002527424335483967
13.81999999999975,1.0001355610265843,7.995909284783654,0.00025767307281536494
13.82999999999975,1.0001597122906123,7.995862279290351,0.00026248650550884684
13.83999999999975,1.0001836060858476,7.99581615769537,0.0002671823978428317
13.84999999999975,1.0002072378072988,7.995770915753642,0.0002717604160313087
13.859999999999749,1.0002306029656474,7.995726549172422,0.000276220273971983
13.869999999999749,1.000253697187527,7.995683053611293,0.0002805617332462754
13.879999999999749,1.0002765162157305,7.995640424777536,0.0002847846031193227
13.889999999999748,1.0002990559094616,7.99559865818771,0.0002888886928562616
13.899999999999748,1.0003213122444548,7.995557749406076,0.0002928738594059447
13.909999999999748,1.000343281313141,7.995517693949227,0.0002967400074009403
13.919999999999748,1.000364959324712,7.995478487381461,0.00030048708915753254
13.929999999999747,1.0003863426052366,7.9954401250763585,0.00030411505699200566
13.939999999999747,1.0004074275976358,7.995402602455209,0.0003076239109043596
13.949999999999747,1.000428210861709,7.995365914891638,0.0003110136985783103
13.959999999999747,1.000448689074102,7.99533005766393,0.00031428446769757345
13.969999999999747,1.0004688590282438,7.995295026002711,0.00031743631362958074
13.979999999999746,1.0004887176342219,7.995260815186317,0.0003204693794254796
13.989999999999746,1.00050826191867,7.995227420445427,0.0003233838558201334
13.999999999999746,1.000527489024596,7.995194836915383,0.00032617993354840536
14.009999999999746,1.0005463962111463,7.995163059779238,0.00032885785102887454
14.019999999999746,1.0005649808534016,7.995132084172394,0.00033141789436383595
14.029999999999745,1.0005832404421113,7.995101905134916,0.00033386034965558444
14.039999999999745,1.0006011725833632,7.9950725177545845,0.0003361855506901308
14.049999999999745,1.0006187749983029,7.995043917023845,0.00033839383125348573
14.059999999999745,1.00063604552274,7.995016098030546,0.00034048562049909163
14.069999999999744,1.0006529821068395,7.994989055624148,0.0003424612998966751
14.079999999999744,1.0006695828145995,7.994962784844885,0.0003443213462833943
14.089999999999744,1.0006858458235126,7.994937280542289,0.00034606623649640744
14.099999999999744,1.0007017694240146,7.994912537613612,0.00034769649505658854
14.109999999999744,1.0007173520189847,7.994888550956141,0.00034921264648481165
14.119999999999743,1.0007325921232466,7.994865315419518,0.0003506152629856666
14.129999999999743,1.000747488363055,7.994842825662686,0.0003519049167637432
14.139999999999743,1.0007620394753824,7.994821076583043,0.0003530822277073472
14.149999999999743,1.0007762443074446,7.994800062934973,0.0003541478633885
14.159999999999743,1.0007901018159924,7.994779779472899,0.0003551024913792231
14.169999999999742,1.0008036110666896,7.9947602208559125,0.000355946779251538
14.179999999999742,1.0008167712333893,7.994741381838511,0.0003566814899448978
14.189999999999742,1.0008295815974682,7.994723257032179,0.00035730733871503986
14.199999999999742,1.0008420415470556,7.9947058410961205,0.0003578250885014173
14.209999999999742,1.0008541505762838,7.994689128737262,0.000358235549927199
14.219999999999741,1.0008659082845248,7.9946731146148835,0.00035853958129926974
14.229999999999741,1.0008773143755478,7.994657793340619,0.0003587379932407985
14.23999999999974,1.0008883686567214,7.994643159478455,0.00035883164405867005
14.24999999999974,1.000899071038137,7.9946292076400995,0.00035882143974348495
14.25999999999974,1.0009094215317693,7.994615932341929,0.0003587082862858438
14.26999999999974,1.0009194202505012,7.994603328243406,0.000358493137360063
14.27999999999974,1.0009290674072717,7.994591389908665,0.0003581769466404589
14.28999999999974,1.0009383633141393,7.994580111806505,0.00035776066780134806
14.29999999999974,1.00094730838126,7.994569488548814,0.0003572453022007626
14.30999999999974,1.0009559031160054,7.994559514604461,0.00035663189888045054
14.31999999999974,1.0009641481218987,7.994550184394667,0.00035592145919844417
14.329999999999739,1.0009720440975631,7.994541492483736,0.0003551150321964915
14.339999999999739,1.0009795918357591,7.994533433388323,0.0003542137146000564
14.349999999999739,1.0009867922222906,7.994526001625114,0.00035321860313460273
14.359999999999738,1.0009936462349616,7.99451919161546,0.0003521307945255944
14.369999999999738,1.0010001549424488,7.994512997828426,0.00035095143318221103
14.379999999999738,1.0010063195031942,7.994507414733109,0.0003496816635136324
14.389999999999738,1.0010121411642816,7.9945024367986335,0.0003483226299290381
14.399999999999737,1.0010176212603465,7.994498058398786,0.0003468754768376079
14.409999999999737,1.0010227612124016,7.994494273955067,0.00034534139633223725
14.419999999999737,1.0010275625266507,7.994491077984369,0.0003437215805058217
14.429999999999737,1.0010320267934008,7.994488464860562,0.0003420172691349725
14.439999999999737,1.0010361556857619,7.994486429052907,0.0003402297019963011
14.449999999999736,1.0010399509584638,7.994484965030693,0.0003383601188664187
14.459999999999736,1.0010434144466707,7.994484067167861,0.00033640975952193674
14.469999999999736,1.0010465480646837,7.994483729981432,0.0003343799114231823
14.479999999999736,1.0010493538047898,7.994483947797711,0.00033227186203048256
14.489999999999736,1.001051833735869,7.99448471513376,0.00033008689880416466
14.499999999999735,1.0010539900022275,7.994486026411294,0.00032782630920455576
14.509999999999735,1.0010558248223334,7.994487875956679,0.00032549138069198295
14.519999999999735,1.0010573404874734,7.994490258239354,0.00032308344841048924
14.529999999999735,1.001058539360522,7.994493167633406,0.0003206038475041176
14.539999999999734,1.0010594238745685,7.994496598608306,0.000318053913116911
14.549999999999734,1.0010599965316378,7.994500545633542,0.00031543498039291243
14.559999999999734,1.0010602599013652,7.994505003226301,0.00031274843215988064
14.569999999999734,1.0010602166196994,7.994509965760732,0.0003099956035618586
14.579999999999734,1.0010598693875317,7.99451542765868,0.00030717787742660517
14.589999999999733,1.0010592209693254,7.9945213834373705,0.0003042966365818791
14.599999999999733,1.0010582741918173,7.994527827518674,0.0003013532638554391
14.609999999999733,1.0010570319426022,7.994534754419837,0.00029834914207504406
14.619999999999733,1.0010554971688204,7.994542158610431,0.00029528570175216853
14.629999999999733,1.0010536728757247,7.9945500346077205,0.00029216432571457134
14.639999999999732,1.0010515621253384,7.994558376928978,0.00028898639679001125
14.649999999999732,1.0010491680351123,7.9945671800437985,0.0002857533454899629
14.659999999999732,1.0010464937765207,7.994576438374098,0.00028246655464218503
14.669999999999732,1.0010435425736501,7.994586146484849,0.0002791274547581523
14.679999999999731,1.0010403177018112,7.994596299036394,0.0002757374763493393
14.689999999999731,1.0010368224862147,7.994606890498345,0.0002722980499272206
14.699999999999731,1.001033060300501,7.994617915387998,0.000268810558319555
14.70999999999973,1.001029034565385,7.994629368270336,0.00026527643203781714
14.71999999999973,1.0010247487472648,7.99464124371034,0.00026169710159348165
14.72999999999973,1.0010202063567943,7.994653536368358,0.0002580739974980231
14.73999999999973,1.0010154109475304,7.994666240809371,0.0002544085502629161
14.74999999999973,1.0010103661145033,7.994679351598356,0.0002507021903996353
14.75999999999973,1.0010050754928028,7.9946928633479715,0.00024695630073593946
14.76999999999973,1.0009995427562217,7.994706770718554,0.0002431723117833032
14.77999999999973,1.0009937716158646,7.9947210683704375,0.0002393516540532011
14.78999999999973,1.0009877658187456,7.994735750963949,0.0002354957580571078
14.799999999999729,1.0009815291463962,7.994750813111727,0.00023160600662278205
14.809999999999729,1.0009750654134637,7.994766249569453,0.0002276838302616985
14.819999999999729,1.0009683784663652,7.994782054997436,0.00022373065948533177
14.829999999999728,1.0009614721818507,7.994798224103656,0.00021974787712144062
14.839999999999728,1.0009543504656375,7.994814751691455,0.00021573686599778385
14.849999999999728,1.0009470172510861,7.99483163251648,0.00021169905662583605
14.859999999999728,1.0009394764977966,7.994848861286685,0.00020763583183335603
14.869999999999727,1.0009317321902023,7.994866432900747,0.00020354857444810257
14.879999999999727,1.000923788336294,7.994884342066599,0.00019943866729783447
14.889999999999727,1.0009156489661857,7.994902583682894,0.00019530749321031052
14.899999999999727,1.000907318130798,7.994921152648274,0.0001911564350132895
14.909999999999727,1.0008987999005199,7.994940043766001,0.00018698687553453017
14.919999999999726,1.0008900983638085,7.994959251982374,0.00018280014991807554
14.929999999999726,1.0008812176259239,7.99497877214831,0.00017859759330796858
14.939999999999726,1.0008721618075764,7.994998599257764,0.00017438058853196805
14.949999999999726,1.000862935043607,7.995018728256992,0.00017015047073411693
14.959999999999726,1.0008535414816675,7.995039154092233,0.0001659085750584582
14.969999999999725,1.0008439852809061,7.995059871757397,0.000161656188965319
14.979999999999725,1.000834270610719,7.995080876198693,0.00015739464759874228
14.989999999999725,1.0008244016494268,7.995102162409997,0.00015312523841905522
14.999999999999725,1.000814382582991,7.995123725575903,0.00014884924888658498
15.009999999999724,1.000804217603811,7.995145560690254,0.00014456796646165868
15.019999999999724,1.0007939109094177,7.995167662842245,0.00014028267860460346
15.029999999999724,1.0007834667012132,7.995190027216416,0.00013599467277574648
15.039999999999724,1.0007728891832293,7.99521264894961,0.00013170518875169909
15.049999999999724,1.0007621825608919,7.995235523274019,0.00012741546630907257
15.059999999999723,1.0007513510398325,7.995258645326448,0.0001231267452244783
15.069999999999723,1.0007403988246533,7.995282010291368,0.00011884021759081176
15.079999999999723,1.000729330117759,7.995305613400917,0.00011455712318468429
15.089999999999723,1.0007181491181432,7.995329449934896,0.00011027865409899138
15.099999999999723,1.0007068600202247,7.99535351517309,0.00010600600242662855
15.109999999999722,1.0006954670126695,7.995377804490629,0.0001017403602604913
15.119999999999722,1.0006839742772387,7.995402313214946,9.748287200975934e-05
15.129999999999722,1.0006723859876692,7.995427036578084,9.323468208361232e-05
15.139999999999722,1.000660706308526,7.995451970002803,8.899693489122996e-05
15.149999999999721,1.0006489393941032,7.995477108864161,8.47707271580761e-05
15.159999999999721,1.0006370893873404,7.995502448584882,8.055720329333046e-05
15.169999999999721,1.0006251604186949,7.995527984730722,7.635746002245688e-05
15.17999999999972,1.000613156605093,7.995553712676682,7.217259407091925e-05
15.18999999999972,1.0006010820488296,7.995579627940799,6.80036544804656e-05
15.19999999999972,1.0005889408365511,7.99560572604109,6.385169029284397e-05
15.20999999999972,1.000576737038222,7.99563200259092,5.971775054980243e-05
15.21999999999972,1.0005644747061024,7.995658453203639,5.560288429308901e-05
15.22999999999972,1.000552157873719,7.995685073540261,5.150809288073595e-05
15.23999999999972,1.000539790554891,7.995711859166415,4.743437767077546e-05
15.24999999999972,1.0005273767427334,7.995738805838449,4.3382740021239775e-05
15.25999999999972,1.0005149204086945,7.99576590916964,3.93541336064453e-05
15.269999999999719,1.0005024255016044,7.995793164963985,3.534951210070845e-05
15.279999999999719,1.0004898959467547,7.995820568930095,3.136982917834562e-05
15.289999999999718,1.0004773356449574,7.995848116824252,2.7415990829957396e-05
15.299999999999718,1.0004647484716596,7.995875804402718,2.348890304614437e-05
15.309999999999718,1.0004521382760532,7.995903627517106,1.9589471817507124e-05
15.319999999999718,1.0004395088801896,7.995931582066701,1.5718555450930426e-05
15.329999999999718,1.0004268640781402,7.99595966395077,1.1877012253299041e-05
15.339999999999717,1.000414207635155,7.995987869068564,8.065700531497733e-06
15.349999999999717,1.000401543286823,7.996016193271639,4.285430908695448e-06
15.359999999999717,1.000388874738275,7.9960446326499515,5.370616917769532e-07
15.369999999999717,1.000376205663347,7.996073183102712,-3.1786441798046277e-06
15.379999999999717,1.0003635397038309,7.996101840767533,-6.860876082880349e-06
15.389999999999716,1.0003508804686814,7.996130601638967,-1.0508871077997087e-05
15.399999999999716,1.0003382315332687,7.996159461759232,-1.4121913909417535e-05
15.409999999999716,1.0003255964386808,7.996188417408956,-1.769924163768857e-05
15.419999999999716,1.0003129786909704,7.996217464630335,-2.1240139007072885e-05
15.429999999999715,1.00030038176046,7.996246599608603,-2.4743938445548996e-05
15.439999999999715,1.00028780908109,7.996275818672035,-2.82099246973796e-05
15.449999999999715,1.0002752640497092,7.996305117958161,-3.163747787425903e-05
15.459999999999715,1.0002627500254773,7.9963344937475505,-3.502593040416581e-05
15.469999999999715,1.0002502703292047,7.996363942273079,-3.8374662398794265e-05
15.479999999999714,1.0002378282427553,7.996393459958346,-4.168305396983874e-05
15.489999999999714,1.0002254270084285,7.996423043131578,-4.495048522899356e-05
15.499999999999714,1.0002130698283582,7.996452688168673,-4.8176383971668894e-05
15.509999999999714,1.0002007598639546,7.996482391540888,-5.136017799327489e-05
15.519999999999714,1.000188500235338,7.99651214967179,-5.450134277293752e-05
15.529999999999713,1.0001762940208265,7.9965419589849365,-5.759935378978278e-05
15.539999999999713,1.0001641442564295,7.996571815999246,-6.065368652293662e-05
15.549999999999713,1.0001520539353304,7.996601717281315,-6.366386413524085e-05
15.559999999999713,1.0001400260074178,7.996631659397733,-6.662940978953728e-05
15.569999999999713,1.000128063378819,7.996661638915081,-6.954984664866769e-05
15.579999999999712,1.0001161689114357,7.996691652447622,-7.24247455591897e-05
15.589999999999712,1.0001043454225285,7.99672169670498,-7.525367736766092e-05
15.599999999999712,1.0000925956842897,7.996751768396773,-7.803621292063899e-05
15.609999999999712,1.0000809224234275,7.996781864280298,-8.077197074839733e-05
15.619999999999711,1.0000693283207813,7.996811981017484,-8.346056938120938e-05
15.629999999999711,1.0000578160109672,7.996842115413306,-8.610167503306439e-05
15.639999999999711,1.000046388082036,7.99687226422505,-8.869490623423582e-05
15.64999999999971,1.0000350470751127,7.99690242430537,-9.123997688242873e-05
15.65999999999971,1.0000237954841122,7.996932592554599,-9.373655319163238e-05
15.66999999999971,1.0000126357554138,7.996962765920754,-9.618434905955185e-05
15.67999999999971,1.0000015702875762,7.9969929413518495,-9.858307838389222e-05
15.68999999999971,0.9999906014310538,7.997023115748214,-0.00010093250274607439
15.69999999999971,0.9999797314879671,7.9970532860101775,-0.00010323238372751925
15.70999999999971,0.9999689627118898,7.9970834492288025,-0.0001054824829096477
15.71999999999971,0.9999582973075913,7.9971136024474685,-0.00010768260955759647
15.729999999999709,0.9999477374308657,7.997143742804924,-0.00010983257293650228
15.739999999999709,0.9999372851883247,7.997173867344547,-0.00011193218231150183
15.749999999999709,0.999926942637232,7.997203973205089,-0.00011398124694773185
15.759999999999708,0.9999167117853229,7.99723405766835,-0.00011597962379404488
15.769999999999708,0.9999065945906321,7.997264117873082,-0.00011792721748300927
15.779999999999708,0.9998965929614337,7.997294151101091,-0.00011982388496347757
15.789999999999708,0.9998867087560793,7.997324154586499,-0.00012166953086801814
15.799999999999708,0.999876943782922,7.9973541256588,-0.00012346405982919934
15.809999999999707,0.9998672998002183,7.997384061695175,-0.00012520742416330535
15.819999999999707,0.9998577785160637,7.997413959977439,-0.0001268995761866203
15.829999999999707,0.9998483815883707,7.997443817882778,-0.00012854046821542846
15.839999999999707,0.999839110624804,7.9974736327407,-0.00013013010024972977
15.849999999999707,0.9998299671828179,7.997503402119134,-0.00013166842460580843
15.859999999999706,0.9998209527695552,7.997533123395277,-0.00013315548896738024
15.869999999999706,0.9998120688419498,7.997562794184751,-0.0001345912933344452
15.879999999999706,0.9998033168066774,7.997592411960131,-0.00013597588539071917
15.889999999999706,0.9997946980202342,7.9976219742893635,-0.00013730931281991793
15.899999999999705,0.9997862137889844,7.997651478835768,-0.00013859162330575732
15.909999999999705,0.9997778653691876,7.997680923214985,-0.00013982291221566897
15.919999999999705,0.9997696539670994,7.997710305042662,-0.00014100327491708455
15.929999999999705,0.9997615807390788,7.997739622029817,-0.00014213280677743566
15.939999999999705,0.9997536467916618,7.997768871839792,-0.0001432116508478698
15.949999999999704,0.999745853181722,7.9977980522313015,-0.00014423995017953436
15.959999999999704,0.9997382009165983,7.997827160963065,-0.0001452178478235769
15.969999999999704,0.9997306909542484,7.997856195889178,-0.0001461454868311448
15.979999999999704,0.9997233242033697,7.997885154816057,-0.00014702305793710138
15.989999999999704,0.9997161015236138,7.997914035693175,-0.0001478507041925941
15.999999999999703,0.999709023725692,7.997942836374647,-0.00014862866401620204
16.009999999999703,0.9997020915716308,7.997971554762275,-0.0001493571281427885
16.019999999999705,0.9996953057749446,7.998000188710186,-0.0001500363349909326
16.029999999999706,0.9996886670009054,7.998028736263248,-0.0001506665229792134
16.039999999999708,0.9996821758667341,7.9980571953709685,-0.00015124793052621004
16.04999999999971,0.9996758329418775,7.998085564173596,-0.00015178079605050157
16.05999999999971,0.9996696387482059,7.998113840763704,-0.00015226540565438295
16.069999999999713,0.9996635937603019,7.9981420232338705,-0.0001527020454401491
16.079999999999714,0.9996576984057399,7.998170109676683,-0.00015309100151009495
16.089999999999716,0.999651953065375,7.998198098232417,-0.00015343260765023122
16.099999999999717,0.9996463580736697,7.99822598708904,-0.00015372714996285283
16.10999999999972,0.9996409137189749,7.998253774482212,-0.00015397496223397054
16.11999999999972,0.9996356202438498,7.998281458647596,-0.0001541763782495951
16.129999999999722,0.9996304778453818,7.998309037773181,-0.00015433177947945305
16.139999999999723,0.9996254866755905,7.998336510190014,-0.00015444149970955513
16.149999999999725,0.9996206468417246,7.998363874181464,-0.00015450592040962792
16.159999999999727,0.9996159584066591,7.9983911281262765,-0.00015452542304939798
16.169999999999728,0.9996114213892539,7.9984182704032,-0.00015450038909859188
16.17999999999973,0.9996070357647279,7.998445299390994,-0.00015443120002693616
16.18999999999973,0.9996028014650408,7.998472213516105,-0.00015431828498787322
16.199999999999733,0.9995987183793207,7.998499011300355,-0.00015416207313484543
16.209999999999734,0.9995947863542628,7.99852569121789,-0.00015396294593757935
16.219999999999736,0.9995910051945112,7.9985522517428596,-0.0001537213802332332
16.229999999999738,0.9995873746631329,7.998578691397106,-0.00015343780517524934
16.23999999999974,0.9995838944820465,7.998605008797844,-0.00015311264991707017
16.24999999999974,0.9995805643324207,7.99863120251461,-0.0001527463912958539
16.259999999999742,0.999577383855156,7.998657271164633,-0.0001523394584650429
16.269999999999744,0.9995743526513059,7.998683213412828,-0.00015189232826179537
16.279999999999745,0.999571470282529,7.998709027876434,-0.00015140552520698534
16.289999999999747,0.999568736271633,7.9987347133157485,-0.00015087952613777102
16.29999999999975,0.9995661501030052,7.998760268395704,-0.00015031480789131062
16.30999999999975,0.9995637112231017,7.998785691828924,-0.00014971189498847815
16.31999999999975,0.9995614190409761,7.998810982471087,-0.00014907126426643179
16.329999999999753,0.9995592729287175,7.998836139130195,-0.0001483934402460456
16.339999999999755,0.9995572722219581,7.998861160518886,-0.00014767894744819357
16.349999999999756,0.9995554162204298,7.998886045540538,-0.00014692831039374977
16.359999999999758,0.9995537041884494,7.998910793098535,-0.00014614205360358819
16.36999999999976,0.999552135355433,7.998935402096263,-0.00014532070159858286
16.37999999999976,0.9995507089164171,7.998959871484798,-0.00014446482658332362
16.389999999999763,0.9995494240326189,7.998984200262904,-0.0001435749530786845
16.399999999999764,0.9995482798319234,7.999008387286297,-0.00014265165328925533
16.409999999999766,0.9995472754094779,7.999032431506065,-0.00014169549941962597
16.419999999999767,0.9995464098282597,7.999056332016351,-0.00014070701599067044
16.42999999999977,0.999545682119563,7.999080087863616,-0.00013968677520697858
16.43999999999977,0.9995450912835662,7.999103698094327,-0.00013863534927314024
16.449999999999772,0.999544636289906,7.99912716185032,-0.00013755331039374527
16.459999999999773,0.9995443160782181,7.999150478225752,-0.00013644127845709931
16.469999999999775,0.999544129558758,7.999173646362463,-0.00013529982566779221
16.479999999999777,0.9995440756129681,7.999196665497667,-0.00013412952423041383
16.489999999999778,0.999544153094012,7.9992195347732125,-0.000132930946349554
16.49999999999978,0.9995443608273554,7.999242253378632,-0.00013170471191351838
16.50999999999978,0.9995446976113729,7.9992648205511445,-0.00013045139312689683
16.519999999999783,0.9995451622178959,7.999287235480289,-0.000129171609877995
16.529999999999784,0.9995457533928579,7.999309497594024,-0.00012786593437140274
16.539999999999786,0.9995464698567927,7.999331606081889,-0.00012653498649542572
16.549999999999788,0.9995473103054855,7.999353560228796,-0.0001251793861383696
16.55999999999979,0.9995482734105974,7.999375359558074,-0.00012379970550482422
16.56999999999979,0.9995493578201663,7.999397003354635,-0.00012239656448309526
16.579999999999792,0.9995505621592565,7.999418490998761,-0.00012097058296148837
16.589999999999794,0.9995518850305538,7.999439821870734,-0.00011952238082830921
16.599999999999795,0.9995533250149787,7.999460995398519,-0.00011805253028814762
16.609999999999797,0.9995548806722584,7.999482011153134,-0.00011656165122930929
16.6199999999998,0.9995565505414942,7.999502868514862,-0.00011505036354009986
16.6299999999998,0.9995583331418032,7.999523566959354,-0.00011351928710882499
16.6399999999998,0.9995602269729252,7.999544106057628,-0.00011196904182379036
16.649999999999803,0.9995622305158082,7.999564485285334,-0.00011040024757330162
16.659999999999805,0.9995643422332529,7.999584704356541,-0.00010881347656194863
16.669999999999806,0.9995665605704208,7.999604762746898,-0.00010720934867803704
16.679999999999808,0.9995688839554886,7.999624660122789,-0.00010558848380987253
16.68999999999981,0.9995713108002243,7.99964439605523,-0.00010395150184576074
16.69999999999981,0.9995738395006053,7.999663970115235,-0.00010229902267400736
16.709999999999813,0.9995764684374451,7.999683382064553,-0.00010063166618291804
16.719999999999814,0.9995791959769662,7.99970263152188,-9.895000457708263e-05
16.729999999999816,0.99958202047139,7.999721718248962,-9.725465774480678e-05
16.739999999999817,0.9995849402595199,7.999740641912174,-9.554624557439617e-05
16.74999999999982,0.9995879536673589,7.999759402177894,-9.382538795415646e-05
16.75999999999982,0.9995910590087385,7.999777998950912,-9.20926570886775e-05
16.769999999999822,0.9995942545858438,7.999796431992969,-9.034867286626494e-05
16.779999999999824,0.9995975386898301,7.999814701018118,-8.859400749150863e-05
16.789999999999825,0.999600909601392,7.999832805788094,-8.682928085271423e-05
16.799999999999827,0.9996043655913872,7.999850746303048,-8.50550651544716e-05
16.809999999999828,0.9996079049213554,7.999868522324713,-8.327198028508638e-05
16.81999999999983,0.9996115258441589,7.999886133757866,-8.148059844914843e-05
16.82999999999983,0.9996152266045266,7.999903580459603,-7.96815395349634e-05
16.839999999999833,0.999619005439662,7.999920862239329,-7.787537574712116e-05
16.849999999999834,0.9996228605798224,7.999937979097185,-7.606267929021153e-05
16.859999999999836,0.9996267902488644,7.999954931033306,-7.424402236882435e-05
16.869999999999838,0.9996307926648038,7.999971718047828,-7.241997718754949e-05
16.87999999999984,0.9996348660403706,7.999988340045513,-7.059111595097677e-05
16.88999999999984,0.9996390085835823,8.00000479702649,-6.875801086369605e-05
16.899999999999842,0.9996432184982921,8.000021088895517,-6.692123413029716e-05
16.909999999999844,0.9996474939847619,8.000037215652714,-6.508135795536994e-05
16.919999999999845,0.9996518332402263,8.000053177441254,-6.323890685978844e-05
16.929999999999847,0.999656234459387,8.000068974261252,-6.139445304814249e-05
16.93999999999985,0.9996606958349924,8.00008460625587,-5.9548521041306095e-05
16.94999999999985,0.9996652155583334,8.00010007342522,-5.770168304386912e-05
16.95999999999985,0.9996697918198214,8.000115375912456,-5.5854463576705585e-05
16.969999999999853,0.9996744228094936,8.000130513860734,-5.400738716068951e-05
16.979999999999855,0.9996791067175266,8.000145487413205,-5.2160978316694917e-05
16.989999999999856,0.9996838417347508,8.000160296713016,-5.031576156559583e-05
16.999999999999858,0.9996886260531641,8.00017494190331,-4.847226142826628e-05
17.00999999999986,0.9996934578664458,8.000189423127228,-4.6631002425580286e-05
17.01999999999986,0.9996983353704751,8.000203740623274,-4.4792509078411866e-05
17.029999999999863,0.9997032567638382,8.000217894582265,-4.2957258223919226e-05
17.039999999999864,0.9997082202482954,8.00023188514733,-4.112577438297639e-05
17.049999999999866,0.9997132240293036,8.00024571260465,-3.929853439274157e-05
17.059999999999867,0.9997182663164769,8.000259377240397,-3.747601509037295e-05
17.06999999999987,0.9997233453240537,8.000272879340741,-3.565869331302875e-05
17.07999999999987,0.9997284592713644,8.000286219191851,-3.384704589786717e-05
17.089999999999872,0.9997336063832982,8.00029939707989,-3.20415496820464e-05
17.099999999999874,0.9997387848907673,8.000312413195653,-3.024268150272466e-05
17.109999999999875,0.9997439930311804,8.000325267825296,-2.8450918197060147e-05
17.119999999999877,0.9997492290489112,8.000337961398024,-2.666668891849524e-05
17.129999999999878,0.9997544911957111,8.000350494247671,-2.4890422820472327e-05
17.13999999999988,0.9997597777311321,8.000362866660383,-2.312259674014961e-05
17.14999999999988,0.999765086922998,8.000375079065357,-2.1363639830969472e-05
17.159999999999883,0.9997704170478199,8.000387131796417,-1.9613981246374295e-05
17.169999999999884,0.9997757663912208,8.000399025330434,-1.787400245609064e-05
17.179999999999886,0.9997811332483046,8.000410760001229,-1.6144132613560893e-05
17.189999999999888,0.9997865159240806,8.00042233623798,-1.4424800872227434e-05
17.19999999999989,0.999791912733883,8.000433754517553,-1.2716388701816826e-05
17.20999999999989,0.9997973220037437,8.000445015316807,-1.1019277572055632e-05
17.219999999999892,0.9998027420707648,8.000456118969547,-9.333896636386236e-06
17.229999999999894,0.9998081712835423,8.000467065952627,-7.660627364535197e-06
17.239999999999895,0.9998136080025384,8.000477856790583,-5.999803542513262e-06
17.249999999999897,0.999819050600408,8.000488491960263,-4.351806640046991e-06
17.2599999999999,0.9998244974623723,8.000498971843145,-2.7170181268629456e-06
17.2699999999999,0.9998299469865942,8.000509297059123,-1.095771788971869e-06
17.2799999999999,0.9998353975845036,8.00051946813272,5.115985876154967e-07
17.289999999999903,0.9998408476811249,8.000529485540776,2.1047115331725886e-06
17.299999999999905,0.9998462957154512,8.000539349807806,3.683233261688665e-06
17.309999999999906,0.9998517401407709,8.000549061506012,5.246877670868804e-06
17.319999999999908,0.9998571794249478,8.000558621255276,6.7953109747022625e-06
17.32999999999991,0.9998626120507488,8.00056802958011,8.3281993871783e-06
17.33999999999991,0.9998680365161707,8.000577287052707,9.845256806001994e-06
17.349999999999913,0.9998734513347206,8.000586394245257,1.1346197128878421e-05
17.359999999999914,0.9998788550356958,8.00059535172995,1.2830734253512662e-05
17.369999999999916,0.999884246164465,8.000604160078973,1.4298582077609793e-05
17.379999999999917,0.9998896232827467,8.000612819959878,1.5749454498874894e-05
17.38999999999992,0.9998949849688922,8.00062133194485,1.718306541501304e-05
17.39999999999992,0.9999003298181626,8.000629696749117,1.8599176407445132e-05
17.409999999999922,0.9999056564429678,8.00063791489718,1.9997549057592067e-05
17.419999999999924,0.9999109634730944,8.000645987056583,2.1377897263158926e-05
17.429999999999925,0.9999162495559893,8.000653913847184,2.2739982605566605e-05
17.439999999999927,0.9999215133569896,8.000661696031896,2.4083614349951824e-05
17.44999999999993,0.9999267535595155,8.000669334230576,2.540855407773548e-05
17.45999999999993,0.9999319688653012,8.00067682906308,2.671456337033847e-05
17.46999999999993,0.9999371579946269,8.000684181196945,2.8001451492897514e-05
17.479999999999933,0.9999423196865045,8.000691391395078,2.9269027710549333e-05
17.489999999999934,0.999947452698867,8.000698460420383,3.0517101288430645e-05
17.499999999999936,0.999952555808758,8.000705388940395,3.174548149167817e-05
17.509999999999938,0.9999576278125133,8.000712177718015,3.295397758542862e-05
17.51999999999994,0.9999626675259567,8.000718827325409,3.414239883481872e-05
17.52999999999994,0.9999676737845733,8.000725338573163,3.531060218870101e-05
17.539999999999942,0.9999726454436599,8.000731712176492,3.645844459592802e-05
17.549999999999944,0.9999775813784648,8.000737948802929,3.758573532163648e-05
17.559999999999945,0.999982480484367,8.000744049263053,3.869233131467892e-05
17.569999999999947,0.9999873416770235,8.000750014319765,3.9778137207623705e-05
17.57999999999995,0.9999921638924595,8.000755844783646,4.0843009949323377e-05
17.58999999999995,0.9999969460872137,8.000761541369908,4.188680648863047e-05
17.59999999999995,1.0000016872384732,8.000767104841449,4.290943145811334e-05
17.609999999999953,1.000006386344169,8.000772535961167,4.3910789490340356e-05
17.619999999999955,1.0000110424230715,8.000777835444275,4.489073753416405e-05
17.629999999999956,1.000015654514926,8.000783004053668,4.584918022215278e-05
17.639999999999958,1.0000202216805427,8.000788042695296,4.6786069870590734e-05
17.64999999999996,1.000024743001856,8.000792952132056,4.7701311112046264e-05
17.65999999999996,1.0000292175820067,8.00079773322221,4.859480857908773e-05
17.669999999999963,1.0000336445454472,8.000802386680975,4.946651458799931e-05
17.679999999999964,1.0000380230379766,8.00080691331893,5.031638145506519e-05
17.689999999999966,1.0000423522267878,8.000811314042025,5.1144361496569546e-05
17.699999999999967,1.0000466313005232,8.00081558966084,5.195040702879656e-05
17.70999999999997,1.0000508594693167,8.00081974098596,5.2734470368030414e-05
17.71999999999997,1.000055035964841,8.000823768827967,5.3496503830555277e-05
17.729999999999972,1.0000591600403514,8.000827674045128,5.4236507416371155e-05
17.739999999999974,1.0000632309706965,8.00083145735266,5.4954433441762235e-05
17.749999999999975,1.0000672480523438,8.000835119704199,5.565028190672851e-05
17.759999999999977,1.0000712106033982,8.000838661958014,5.6324052811269977e-05
17.76999999999998,1.000075117963597,8.000842084972374,5.697574615538664e-05
17.77999999999998,1.0000789694943093,8.000845389605551,5.7605361939078495e-05
17.78999999999998,1.0000827645785422,8.00084857662045,5.8212900162345546e-05
17.799999999999983,1.0000865026209271,8.000851646923026,5.879840850890361e-05
17.809999999999985,1.0000901830476836,8.000854601371552,5.9361886978752696e-05
17.819999999999986,1.0000938053066144,8.000857440871986,5.990338325560862e-05
17.829999999999988,1.0000973688670667,8.000860166234919,6.042294502318719e-05
17.83999999999999,1.0001008732198775,8.000862778318627,6.0920572281488426e-05
17.84999999999999,1.000104317877379,8.000865277933705,6.139631271422814e-05
17.859999999999992,1.0001077023733405,8.0008676660338,6.185026168883796e-05
17.869999999999994,1.0001110262628867,8.000869943524872,6.228246688903373e-05
17.879999999999995,1.000114289122454,8.00087211121752,6.269297599853125e-05
17.889999999999997,1.0001174905497283,8.000874170065392,6.308188438476217e-05
17.9,1.000120630163571,8.00087612087909,6.344923973144231e-05
17.91,1.0001237076039529,8.000877964612261,6.37951374060033e-05
17.92,1.0001267225318764,8.000879702123193,6.41196727758768e-05
17.930000000000003,1.0001296746292765,8.000881334270172,6.442294120849443e-05
17.940000000000005,1.0001325635989204,8.000882862006854,6.470503807128785e-05
17.950000000000006,1.0001353891643272,8.000884286191528,6.496605873168869e-05
17.960000000000008,1.000138151069665,8.000885607730167,6.520614624084441e-05
17.97000000000001,1.0001408490796164,8.000886827481063,6.542539596618666e-05
17.98000000000001,1.0001434829792801,8.000887946350192,6.562395095886289e-05
17.990000000000013,1.0001460525740355,8.000888965195848,6.580190658630474e-05
18.000000000000014,1.0001485576894384,8.00088988501938,6.595940589965969e-05
18.010000000000016,1.0001509981711014,8.000890706631399,6.609659195007518e-05
18.020000000000017,1.0001533738845294,8.000891431033255,6.621360778869868e-05
18.03000000000002,1.0001556847150046,8.000892059035563,6.631059646667765e-05
18.04000000000002,1.000157930567421,8.000892591639674,6.638770103515954e-05
18.050000000000022,1.0001601113661698,8.000893029656208,6.644506454529183e-05
18.060000000000024,1.0001622270549861,8.000893373895781,6.648283004822197e-05
18.070000000000025,1.0001642775967938,8.000893625407436,6.650118827881324e-05
18.080000000000027,1.0001662629735495,8.000893785001793,6.650028228821311e-05
18.09000000000003,1.0001681831860776,8.000893853632528,6.648030281128485e-05
18.10000000000003,1.0001700382539023,8.000893832110265,6.644139289917593e-05
18.11000000000003,1.000171828215082,8.000893721484047,6.638374328674963e-05
18.120000000000033,1.0001735531260512,8.000893522612186,6.630754470886922e-05
18.130000000000035,1.0001752130614179,8.000893236400676,6.621294021668218e-05
18.140000000000036,1.0001768081138291,8.000892863707831,6.610012054505177e-05
18.150000000000038,1.0001783383937726,8.000892405535016,6.596932411255711e-05
18.16000000000004,1.0001798040293606,8.000891862740547,6.582074165406146e-05
18.17000000000004,1.0001812051661287,8.000891236278107,6.565456390442812e-05
18.180000000000042,1.000182541966861,8.000890527006016,6.547098159852037e-05
18.190000000000044,1.000183814611403,8.000889735687222,6.527018547120148e-05
18.200000000000045,1.0001850232964529,8.000888863323098,6.505241394105057e-05
18.210000000000047,1.0001861682353534,8.000887910771963,6.481785774293091e-05
18.22000000000005,1.0001872496578859,8.00088687903519,6.456675529542159e-05
18.23000000000005,1.0001882678100615,8.000885768875737,6.42992973333859e-05
18.24000000000005,1.00018922295391,8.000884581199609,6.401572227540296e-05
18.250000000000053,1.0001901153672519,8.000883316960499,6.371622085633602e-05
18.260000000000055,1.0001909453435238,8.00088197696905,6.34010314947642e-05
18.270000000000056,1.00019171319153,8.00088056213127,6.307039260926661e-05
18.280000000000058,1.000192419235209,8.000879073448539,6.272454261842233e-05
18.29000000000006,1.000193063813417,8.0008775117315,6.236371994081047e-05
18.30000000000006,1.0001936472796777,8.00087587788617,6.198816299501014e-05
18.310000000000063,1.0001941700019537,8.000874172818557,6.159811019960044e-05
18.320000000000064,1.0001946323624127,8.000872397434678,6.119379997316046e-05
18.330000000000066,1.000195034757201,8.00087055254518,6.0775470734269313e-05
18.340000000000067,1.0001953775961971,8.00086863905608,6.034336090150609e-05
18.35000000000007,1.0001956613027845,8.000866657873392,5.98977088934499e-05
18.36000000000007,1.0001958863136173,8.000864609903132,5.9438753128679845e-05
18.370000000000072,1.0001960530783938,8.000862495955953,5.896673202577502e-05
18.380000000000074,1.0001961620596154,8.000860316842505,5.848188400331454e-05
18.390000000000075,1.0001962137323457,8.00085807351649,5.798449516359331e-05
18.400000000000077,1.000196208583947,8.000855766788558,5.747480392519044e-05
18.41000000000008,1.000196147113838,8.000853397469362,5.6953048706685036e-05
18.42000000000008,1.0001960298332517,8.000850966512605,5.641951561037201e-05
18.43000000000008,1.0001958572649718,8.000848474728942,5.587444305483047e-05
18.440000000000083,1.0001956299430883,8.000845922976708,5.531811714235533e-05
18.450000000000085,1.0001953484127173,8.000843312161924,5.4750776291525707e-05
18.460000000000086,1.0001950132297748,8.000840643095245,5.417265892092069e-05
18.470000000000088,1.0001946249607356,8.000837916635007,5.3584051132835203e-05
18.48000000000009,1.0001941841823583,8.000835133591865,5.298519134584835e-05
18.49000000000009,1.0001936914814409,8.000832294919524,5.237636566225505e-05
18.500000000000092,1.0001931474545562,8.00082940142864,5.1757812500634406e-05
18.510000000000094,1.0001925527078082,8.000826453977549,5.112981796328134e-05
18.520000000000095,1.0001919078565609,8.00082345328154,5.0492620468774955e-05
18.530000000000097,1.0001912135251858,8.000820400294321,4.984650611941017e-05
18.5400000000001,1.0001904703468008,8.000817295826545,4.919171333376609e-05
18.5500000000001,1.0001896789630316,8.000814140641182,4.852852821413764e-05
18.5600000000001,1.0001888400237242,8.000810935596572,4.785723686281973e-05
18.570000000000103,1.000187954186672,8.00080768150337,4.717807769839147e-05
18.580000000000105,1.0001870221173772,8.000804379219913,4.649133682314778e-05
18.590000000000106,1.000186044488775,8.000801029556857,4.5797252655667765e-05
18.600000000000108,1.000185021981,8.000797633277173,4.509611129824634e-05
18.61000000000011,1.0001839552811016,8.000794191191517,4.438815116946261e-05
18.62000000000011,1.00018284508281,8.000790704158224,4.36736583716115e-05
18.630000000000113,1.0001816920862652,8.000787172892581,4.295287132327211e-05
18.640000000000114,1.0001804969977695,8.000783598252927,4.222607612673936e-05
18.650000000000116,1.0001792605295203,8.000779980954546,4.1493511200592345e-05
18.660000000000117,1.0001779833993647,8.000776321855776,4.0755462647126e-05
18.67000000000012,1.00017666633053,8.000772621671903,4.001216888491942e-05
18.68000000000012,1.0001753100513795,8.000768881261264,3.9263916016267524e-05
18.690000000000122,1.0001739152951388,8.00076510143451,3.851094245974942e-05
18.700000000000124,1.000172482799665,8.000761282906925,3.77534866339442e-05
18.710000000000125,1.0001710133072064,8.000757426441478,3.6991834641146804e-05
18.720000000000127,1.0001695075641268,8.000753532753452,3.6226224899936316e-05
18.73000000000013,1.000167966320666,8.000749602653496,3.545689582889184e-05
18.74000000000013,1.0001663903307112,8.000745636904579,3.4684133530308306e-05
18.75000000000013,1.0001647803515172,8.000741636221981,3.390817642276481e-05
18.760000000000133,1.0001631371434674,8.000737601416354,3.3129262924840456e-05
18.770000000000135,1.0001614614698482,8.000733533155294,3.234767913883017e-05
18.780000000000136,1.0001597540965594,8.00072943224945,3.156366348331304e-05
18.790000000000138,1.0001580157918881,8.000725299414102,3.0777454376868176e-05
18.80000000000014,1.0001562473262724,8.000721135364529,2.9989290238074683e-05
18.81000000000014,1.0001544494720667,8.00071694081601,2.9199409485511657e-05
18.820000000000142,1.0001526230033093,8.000712716483825,2.8408050537758202e-05
18.830000000000144,1.0001507686954882,8.000708463083251,2.761545181339342e-05
18.840000000000146,1.0001488873253075,8.000704181329565,2.682185173099641e-05
18.850000000000147,1.0001469796704532,8.000699871938046,2.6027488709146275e-05
18.86000000000015,1.0001450465093606,8.000695535623969,2.5232601166422115e-05
18.87000000000015,1.0001430886209803,8.00069117310261,2.4437427521403035e-05
18.88000000000015,1.0001411067845463,8.000686784993876,2.3642206192668135e-05
18.890000000000153,1.000139101779336,8.00068237210841,2.2847175598796517e-05
18.900000000000155,1.0001370743844433,8.000677935161484,2.2052574158367282e-05
18.910000000000156,1.000135025378546,8.000673474725321,2.125859260624371e-05
18.920000000000158,1.000132955539712,8.000668991515195,2.0465469361004904e-05
18.93000000000016,1.0001308656451695,8.000664486246377,1.9673442841229964e-05
18.94000000000016,1.0001287564710757,8.000659959491086,1.8882703781782174e-05
18.950000000000163,1.0001266287923245,8.000655411964594,1.8093490601240633e-05
18.960000000000164,1.0001244833823162,8.000650844334487,1.7305994034468624e-05
18.970000000000166,1.0001223210127692,8.000646257316035,1.6520452500045247e-05
18.980000000000167,1.000120142453488,8.000641651576823,1.5737056732833785e-05
18.99000000000017,1.000117948472177,8.000637027689066,1.4955997467697518e-05
19.00000000000017,1.0001157398342497,8.00063238632035,1.4177465439499726e-05
19.010000000000172,1.0001135173026454,8.000627728090572,1.3401699066819513e-05
19.020000000000174,1.0001112816375932,8.000623053667319,1.262888908452016e-05
19.030000000000175,1.0001090335964258,8.000618363718168,1.1859226227464948e-05
19.040000000000177,1.000106773933394,8.000613658815336,1.1092901230517157e-05
19.05000000000018,1.0001045033994773,8.000608939626401,1.0330104828540069e-05
19.06000000000018,1.0001022227421996,8.000604206723578,9.571027756396965e-06
19.07000000000018,1.0000999327054396,8.000599460774446,8.815860748951128e-06
19.080000000000183,1.000097634029246,8.000594702351215,8.064794541065837e-06
19.090000000000185,1.0000953274496502,8.000589931978412,7.317972183888554e-06
19.100000000000186,1.0000930136985249,8.00058515022825,6.57558441228256e-06
19.110000000000188,1.0000906935033966,8.00058035786367,5.837821961111136e-06
19.12000000000019,1.0000883675872618,8.0005755554092,5.104827881521744e-06
19.13000000000019,1.000086036668444,8.000570743437049,4.376792908377664e-06
19.140000000000192,1.0000837014604085,8.000565922519423,3.6539077765421783e-06
19.150000000000194,1.0000813626715737,8.000561093276213,2.936315537162747e-06
19.160000000000196,1.0000790210051727,8.000556256231942,2.224159241386831e-06
19.170000000000197,1.0000766771591116,8.000551411958817,1.5176296240777123e-06
19.1800000000002,1.0000743318257836,8.000546561076728,8.168697363828511e-07
19.1900000000002,1.0000719856919282,8.00054170401483,1.2202262944970883e-07
19.200000000000202,1.0000696394384914,8.00053684139301,-5.667686455742537e-07
19.210000000000203,1.0000672937404849,8.000531973735791,-1.2493610375415756e-06
19.220000000000205,1.0000649492668465,8.000527101472324,-1.925611495304796e-06
19.230000000000206,1.0000626066802998,8.000522225222495,-2.5953769677164537e-06
19.240000000000208,1.0000602666372138,8.000517345606193,-3.258514403629088e-06
19.25000000000021,1.0000579297874623,8.00051246305257,-3.914880751895238e-06
19.26000000000021,1.0000555967742843,8.000507578038459,-4.564380645083263e-06
19.270000000000213,1.000053268234191,8.000502691183746,-5.2068710320457025e-06
19.280000000000214,1.0000509447968235,8.000497802869898,-5.842256545350915e-06
19.290000000000216,1.000048627084862,8.000492913621432,-6.47039413385144e-06
19.300000000000217,1.0000463157138846,8.00048802401055,-7.091188430115637e-06
19.31000000000022,1.0000440112922728,8.000483134561769,-7.704496382996045e-06
19.32000000000022,1.0000417144210718,8.000478245656552,-8.310222625061024e-06
19.330000000000222,1.0000394256938974,8.000473357771734,-8.908271788878931e-06
19.340000000000224,1.000037145696843,8.000468471431828,-9.498500823302307e-06
19.350000000000225,1.0000348750083388,8.000463587113668,-1.0080814360899512e-05
19.360000000000227,1.0000326141990576,8.000458705294085,-1.0655117034238904e-05
19.37000000000023,1.000030363831823,8.00045382644991,-1.1221313475888842e-05
19.38000000000023,1.0000281244615143,8.000448951057974,-1.1779308318417687e-05
19.39000000000023,1.0000258966349724,8.000444079452057,-1.2329053878109619e-05
19.400000000000233,1.000023680890956,8.00043921210899,-1.2870454787532995e-05
19.410000000000235,1.000021477760046,8.000434349505603,-1.3403415679256177e-05
19.420000000000236,1.0000192877645535,8.000429492118727,-1.3927841185847522e-05
19.430000000000238,1.000017111418424,8.000424640377508,-1.4443683623591211e-05
19.44000000000024,1.0000149492271915,8.000419794663408,-1.4950847625055603e-05
19.45000000000024,1.000012801687886,8.000414955405574,-1.544928550652488e-05
19.460000000000242,1.0000106692889874,8.000410123080835,-1.5938901900567398e-05
19.470000000000244,1.0000085525103286,8.00040529802297,-1.6419649123467336e-05
19.480000000000246,1.0000064518230523,8.000400480661124,-1.6891479491508877e-05
19.490000000000247,1.0000043676895631,8.000395671424444,-1.73543453209762e-05
19.50000000000025,1.00000230056348,8.00039087069439,-1.780815124443766e-05
19.51000000000025,1.0000002508895443,8.00038607890011,-1.8252849578177446e-05
19.520000000000252,0.9999982191035703,8.000381296375382,-1.8688392638479728e-05
19.530000000000253,0.9999962056324024,8.000376523549349,-1.911473274162869e-05
19.540000000000255,0.9999942108938634,8.000371760708108,-1.9531869887624332e-05
19.550000000000257,0.9999922352967604,8.000367008280802,-1.9939756392750832e-05
19.560000000000258,0.999990279240833,8.000362266601213,-2.033834457329237e-05
19.57000000000026,0.9999883431167105,8.000357536098484,-2.072758674553313e-05
19.58000000000026,0.9999864273058626,8.000352817154077,-2.110748290947311e-05
19.590000000000263,0.999984532180599,8.00034811010177,-2.147798538139649e-05
19.600000000000264,0.9999826581040236,8.000343415275342,-2.1839046477587443e-05
19.610000000000266,0.9999808054299891,8.000338733056255,-2.2190666198045977e-05
19.620000000000267,0.9999789745030957,8.00033406382597,-2.2532844542772088e-05
19.63000000000027,0.9999771656586902,8.000329407918267,-2.2865533828049956e-05
19.64000000000027,0.9999753792228212,8.000324765714607,-2.3188734053879583e-05
19.650000000000272,0.9999736155122337,8.00032013740572,-2.3502445220260967e-05
19.660000000000274,0.9999718748343759,8.000315523277697,-2.380666732719411e-05
19.670000000000275,0.9999701574873987,8.000310923712005,-2.410140037467901e-05
19.680000000000277,0.9999684637601518,8.000306338994736,-2.4386644362715668e-05
19.69000000000028,0.9999667939321855,8.000301769411989,-2.4662399291304084e-05
19.70000000000028,0.999965148273753,8.000297215345224,-2.4928665160444257e-05
19.71000000000028,0.9999635270458064,8.000292677080537,-2.518544197013619e-05
19.720000000000283,0.9999619305000005,8.000288154999394,-2.543272972037988e-05
19.730000000000285,0.9999603588786886,8.000283649387889,-2.5670528411175326e-05
19.740000000000286,0.9999588124149235,8.000279160484435,-2.589888572623835e-05
19.750000000000288,0.9999572913325064,8.000274688575129,-2.6117801665568954e-05
19.76000000000029,0.9999557958459864,8.000270233946067,-2.6327276229167134e-05
19.77000000000029,0.9999543261606583,8.000265796835661,-2.6527357100748713e-05
19.780000000000292,0.9999528824726125,8.00026137753001,-2.671804428031369e-05
19.790000000000294,0.9999514649687321,8.00025697626753,-2.6899385451577887e-05
19.800000000000296,0.9999500738267413,8.00025259328663,-2.7071428298257122e-05
19.810000000000297,0.9999487092152555,8.000248228968777,-2.7234172820351397e-05
19.8200000000003,0.9999473712937712,8.000243883457019,-2.7387666701576532e-05
19.8300000000003,0.9999460602127218,8.000239556989769,-2.7531957625648346e-05
19.840000000000302,0.9999447761135218,8.000235249805442,-2.766709327628266e-05
19.850000000000303,0.9999435191286147,8.000230962190138,-2.7793073653479474e-05
19.860000000000305,0.9999422893814702,8.00022669438227,-2.790994644095461e-05
19.870000000000307,0.9999410869866328,8.000222446620255,-2.8017759322423883e-05
19.880000000000308,0.9999399120497677,8.000218219142507,-2.811655998160312e-05
19.89000000000031,0.9999387646677059,8.000214012092076,-2.820639610220814e-05
19.90000000000031,0.9999376449284965,8.000209825755062,-2.8287363051670577e-05
19.910000000000313,0.9999365529114929,8.000205660274514,-2.835950851370626e-05
19.920000000000314,0.9999354886874058,8.000201515888847,-2.8422880172031003e-05
19.930000000000316,0.9999344523183477,8.000197392836478,-2.847752571036063e-05
19.940000000000317,0.9999334438578763,8.000193291260457,-2.8523492812410957e-05
19.95000000000032,0.9999324633510459,8.000189211351518,-2.856087684561363e-05
19.96000000000032,0.9999315108345005,8.00018515334808,-2.8589725493684466e-05
19.970000000000322,0.9999305863365164,8.00018111739319,-2.8610086440339287e-05
19.980000000000324,0.9999296898770534,8.000177103677585,-2.8622055053009733e-05
19.990000000000325,0.9999288214678477,8.00017311243968,-2.8625679015411624e-05
20.000000000000327,0.9999279811124535,8.000169143774848,-2.8621053694976602e-05
